,Mean_HV,Mean_f_1,Mean_f_2
0,0.8437507693271303,26.64405543773393,0.5980154462967148
1,0.8453036308444507,26.1026482093423,0.593929464546619
2,0.8460533683358453,25.757926887006047,0.585075509913599
3,0.8469562781029443,25.629397872461933,0.5708903212652381
4,0.8473641482494751,25.68046423732069,0.547025857520594
5,0.8479827547165253,26.144114513660664,0.5040562277040999
6,0.8487455457645506,26.80902618062442,0.4499702636259529
7,0.8489690565207465,27.226838567237344,0.4117488358167034
8,0.8497083176723217,27.581083660984113,0.37816027867333096
9,0.849878646582686,27.761482925529243,0.3534470576359354
10,0.8499298187576464,27.919399530184545,0.3356209964810976
11,0.850275817092634,28.019865342305657,0.3219021045207161
12,0.8507046213107398,28.069616119322564,0.3109800199812056
13,0.8511059135067803,28.009303927396516,0.30649678419630333
14,0.8515597362664258,27.999936322252623,0.2992792719439889
15,0.8517546464288344,28.004314927204415,0.2931085815553236
16,0.8519779152802032,27.86093982272247,0.29567286801405274
17,0.8521495095388933,27.75306374249879,0.29600054766800865
18,0.8523739879143977,27.761697875692292,0.2913014569721246
19,0.8526108034360831,27.71058096435471,0.2895680644504286
20,0.8527385384888165,27.66214643639392,0.2894521678940099
21,0.8530316340989268,27.66787522792785,0.2859347554972488
22,0.8535512735796034,27.610397593843402,0.2856114947333932
23,0.8536787109033185,27.51654603363728,0.28631322278829147
24,0.853762875175081,27.525696503077782,0.28141963075527066
25,0.8539196760231919,27.54099073117465,0.27923079856705535
26,0.8540508721757588,27.514643790815747,0.2773067077576249
27,0.8542675444685734,27.49761368703466,0.27551219062977383
28,0.8544473355792894,27.509009787990333,0.27265216589004837
29,0.854553541102412,27.485041044317658,0.2716189486824512
30,0.854737612067761,27.4352177154376,0.27120902069742503
31,0.854791659188551,27.41296690669394,0.26882166036571986
32,0.855043323945007,27.39335413382227,0.26846494224631084
33,0.8553400853436508,27.352419171060816,0.2694495609496783
34,0.8554531479382181,27.305351118483255,0.2705348020051192
35,0.8555774125870861,27.31767513958327,0.2687530651227817
36,0.8557472949039231,27.2594305272178,0.27028668929510397
37,0.8559080220534583,27.211928819020823,0.2716399572459445
38,0.8564219116424756,27.199291908006277,0.26988004207841776
39,0.8565563455981128,27.182584158805653,0.26947297937425135
40,0.8566595459189605,27.191823426367698,0.2684255755463572
41,0.8568448264084447,27.151279000411293,0.26909744109548006
42,0.8570097031561676,27.120532375560487,0.2681306139908066
43,0.8570821722599435,27.15166185718002,0.26589387297773537
44,0.8571833070857292,27.08515324884788,0.2676720410311455
45,0.8572991422817763,27.062555840519437,0.2675998241680918
46,0.8574580458410765,27.067386073572592,0.26695392110233346
47,0.8576165307189451,27.0109665460185,0.2681979464432771
48,0.8577423584451572,26.985807917323548,0.2687022125627728
49,0.857945679452323,26.941665228868114,0.27032829441255424
50,0.8580720933325392,26.927053041499175,0.26908487311542584
51,0.8582327739619151,26.88929803343192,0.27028700339508
52,0.8583606485751257,26.884039854853008,0.26917803902844334
53,0.8584695801795689,26.88135748229215,0.2680960803774864
54,0.8585102853187422,26.87289124344626,0.2680810830856022
55,0.8587648343250593,26.853623812626445,0.26752732861205025
56,0.858792420779379,26.84785159294235,0.2675882985167927
57,0.8589138570025763,26.818297487876062,0.26798546777216714
58,0.8590478164525911,26.767104406383883,0.2694505396367226
59,0.8592277378197524,26.75031790129866,0.26972173603918964
60,0.8594281559689931,26.73446855244691,0.26988186051759844
61,0.8595821469994972,26.708486441574035,0.2708298614082027
62,0.8596941210223427,26.66026039512492,0.2709490800070806
63,0.8597757825095479,26.630062879531227,0.2707277011404211
64,0.8598653338157287,26.627550194600335,0.2708429460573297
65,0.8600127282876788,26.64094547441006,0.2685368304023007
66,0.8601452177006674,26.669094153019838,0.2656012924787157
67,0.8603268044895229,26.63671102498741,0.26793819973041244
68,0.8604361082552386,26.590460613260735,0.2691020550290971
69,0.8606124475701525,26.58721559421603,0.2680352426840575
70,0.8608176386877123,26.542350399007127,0.2697704249249224
71,0.8608910568027333,26.5254040408629,0.26867534917070673
72,0.8609185130006075,26.488083458509774,0.2702446849134094
73,0.8609628932323459,26.475071623855744,0.26966706636152643
74,0.861074392749569,26.463422901549592,0.26985555815197654
75,0.8612405534536818,26.441133234749675,0.26924113918038395
76,0.8613986010420552,26.44043567243112,0.26828359846849453
77,0.861526466351234,26.417780398118772,0.2691678711829107
78,0.8617080717481529,26.433550591617333,0.2672509328507528
79,0.8617613559383346,26.44704713888182,0.26607777711512975
80,0.8618529634355458,26.4327181322117,0.2657878438088498
81,0.8619319081454622,26.422193523215032,0.26501720472432466
82,0.8619752184135423,26.406677023286857,0.26558723372398063
83,0.8620379648040759,26.362741025223915,0.26771176864686985
84,0.8620907186644442,26.350318756478742,0.26759638475272074
85,0.862174268870107,26.362099826916165,0.26617755937628323
86,0.8622996127866648,26.345235776610238,0.2656710868400796
87,0.8623483659133546,26.33784022034515,0.26578470712649327
88,0.862402496770431,26.32528033178103,0.2651161122695044
89,0.8625731513219086,26.321881541118156,0.26469799226509994
90,0.8626654007973147,26.328699152838134,0.26374364848202364
91,0.8627789844176633,26.32806753023992,0.26247018249636384
92,0.8628920191001354,26.331430060113533,0.26157905140486826
93,0.8631133434088555,26.320417629285057,0.2619724874241905
94,0.863178294854928,26.31129494454453,0.26245001349988745
95,0.8632483076943059,26.307836454235897,0.26218525521633335
96,0.8632936834574483,26.29742707751075,0.2624734985121322
97,0.8634074717664969,26.312905757712635,0.261054384727694
98,0.8634435434978281,26.326838744618712,0.2592392801681964
99,0.8636176870612347,26.296167527038406,0.2598302842557375
100,0.8637853364104371,26.290937255740083,0.2597272827779337
101,0.8639164209146224,26.272616161721043,0.26029730315379007
102,0.8639694445919133,26.259019052200884,0.26029747401231185
103,0.8640018784468064,26.270266713795312,0.2587134062345433
104,0.8640713423483075,26.26606379931851,0.2588645804207741
105,0.864245885985082,26.25742501382999,0.258318299875787
106,0.864286004970251,26.26657058365104,0.25787605645947476
107,0.8643137868092388,26.261891261761253,0.25657287779643967
108,0.8644265516747881,26.237074248667337,0.25675886516193763
109,0.8644778913223212,26.23007762381652,0.25592928798268816
110,0.8645874183848004,26.237893675589955,0.2550532420025061
111,0.8647119342425271,26.251039723763842,0.2541132940844541
112,0.8648149112666113,26.232030452775312,0.2555351675800735
113,0.8648984893843695,26.22386501667385,0.2563216154895891
114,0.8650984423320199,26.21648697141074,0.25649449398958646
115,0.8651414548710821,26.21693378497802,0.2557583497398423
116,0.8652293221475053,26.18687494123341,0.25667027347968335
117,0.865300023485237,26.194983303798622,0.2558207535792776
118,0.8653636909749198,26.17652296829114,0.2558318731210933
119,0.8653690314891793,26.183938133849963,0.2553581784564232
120,0.8654251441050316,26.187398615012054,0.25416174210343473
121,0.8655145837628307,26.17426499290763,0.25432554301718224
122,0.8656268369066304,26.167732276573023,0.2541105672276021
123,0.8657530554021786,26.195751268493083,0.2512600021628128
124,0.8658209655303671,26.163820564614984,0.2527863921193497
125,0.8658584793866291,26.14910397389062,0.25271670793328616
126,0.8659223887811388,26.156664723403324,0.252115870219839
127,0.8660294595792198,26.155881250097345,0.25173630132516017
128,0.8660920384971807,26.165919788722924,0.2506983259423315
129,0.8661432851043959,26.143218534420342,0.2520315401543244
130,0.8662262584600864,26.15337606710034,0.25054170263181025
131,0.8662498255726636,26.14989730700475,0.2516176717053529
132,0.866290809832791,26.14281037629077,0.2514341466786295
133,0.8663432101399507,26.113150164719507,0.25220792950707643
134,0.8663959267841919,26.112911367578604,0.2516845890641554
135,0.866470303214489,26.108598768684892,0.25237778585134296
136,0.866543358472269,26.123401619390933,0.25069742691562946
137,0.8666154461107407,26.121849880707426,0.2508819306790901
138,0.8666918042998136,26.10891039529798,0.2514886339564076
139,0.8667866775121904,26.117250528971425,0.2503145519553713
140,0.8668665619293198,26.1429485614227,0.248290646175825
141,0.8670125421884345,26.130227266631024,0.24835825000747244
142,0.8670768423522803,26.146523863850724,0.24727124209625032
143,0.8671703013518219,26.115101678460366,0.24844235345827062
144,0.8672653420367712,26.13165399759915,0.2463099963961535
145,0.8673419700427668,26.135828430108567,0.24586439966208598
146,0.8674382853800743,26.133050350205618,0.24626233708099438
147,0.8674872618035274,26.144677341131185,0.24542402986553352
148,0.8675638898095228,26.14507443455723,0.24517544222811072
149,0.8677269150549152,26.129899964840988,0.2450826060841758
150,0.8678655916490583,26.121987203448636,0.24502013826507818
151,0.8678983604490966,26.090851227940533,0.2461881611846238
152,0.8679297150362998,26.088762610661455,0.24664980597075636
153,0.867958157461546,26.100158289074514,0.24620360999823562
154,0.8679931964453462,26.117949048139856,0.24423709204904032
155,0.8681010115659722,26.138292646662663,0.24272181215435923
156,0.8681692752473695,26.124139299461856,0.24372855334521715
157,0.8682089011188526,26.100339642053058,0.24483802322370612
158,0.8682500900676798,26.106442656353742,0.2435433622577373
159,0.8682920791632429,26.101482121544596,0.2438600700340885
160,0.8683635713436788,26.07970083623056,0.2446778701230694
161,0.868449912758885,26.09887343003069,0.2429105575775339
162,0.868484467933031,26.08776802685006,0.24348832876163864
163,0.8685386732223619,26.111072979164746,0.24184896050067703
164,0.8685674505927534,26.10995164915639,0.2409647768001163
165,0.8686384496595032,26.113249904242913,0.23989048875074598
166,0.8687406079287879,26.105348249375712,0.24068732080796362
167,0.8688575968247796,26.083306698006933,0.24234193988296335
168,0.8688773865004416,26.058217880416695,0.24415176350939236
169,0.8689530189750332,26.058530566991603,0.24313543093274154
170,0.8690854804759265,26.08207364369592,0.24184533513689999
171,0.869129767667347,26.059243503082975,0.24311474663415641
172,0.8692272739207262,26.068711371241605,0.24197382345270244
173,0.8693273946070444,26.07506839998546,0.24043363366154816
174,0.8694330418882584,26.06531728334813,0.24168093250751685
175,0.8694663689302055,26.052386858809612,0.24159496181677864
176,0.8695292548812161,26.053796189098332,0.2410361572759386
177,0.8696304548352244,26.052889164623164,0.24091764405263064
178,0.8697142190336189,26.050283479218688,0.240673479790065
179,0.869773085642887,26.032344592291082,0.24194835651332125
180,0.8698263791371006,26.041820340941396,0.24042726946269
181,0.8699294305934392,26.04235481551472,0.24073950949569423
182,0.8699774207895203,26.019556899183346,0.24235419338579264
183,0.870096382140256,26.006913792800095,0.2422899586606309
184,0.870134379806172,26.028389238748385,0.24116855370405046
185,0.8701735776921917,26.041585041674516,0.24039048091310264
186,0.8702296158757895,26.052226777894877,0.23926182376984967
187,0.8702418227655255,26.037112433972307,0.24062169147741924
188,0.8702534248931939,26.042308261558762,0.24010447225696088
189,0.8703346583949358,26.046071890360423,0.24008944286007758
190,0.8704423897792755,26.060733885840225,0.2388706702415672
191,0.8704944365332262,26.051375446121334,0.23902314134853853
192,0.8705315596201522,26.063326747869827,0.23901370319940243
193,0.8706511908611779,26.048383037611185,0.2391345017964569
194,0.8707372996755889,26.01639415336594,0.24039943636259886
195,0.8708100106841918,26.029232296330132,0.2400887891048299
196,0.8709284789212414,26.032076103961053,0.24038419845969689
197,0.8709969472913385,26.043304924193254,0.2397709734099882
198,0.8710949001382448,26.07669292199316,0.23726668617686444
199,0.8712504356380294,26.06745843002781,0.23775250143663332
200,0.8713243189546407,26.051541568097434,0.23841375695892164
201,0.8713612838730258,26.067264157052023,0.2374539842684777
202,0.8713851394105893,26.094519514257716,0.23569488896845506
203,0.8714379863112759,26.09541284287242,0.23572497280969248
204,0.8715308963729405,26.09816076938519,0.23594506325208575
205,0.871582208108378,26.100174275750437,0.23532006741122657
206,0.8716439124473487,26.071478307124153,0.2370591397464477
207,0.8717075427209041,26.080070873229722,0.23709677012079677
208,0.8717552072758719,26.07688261694335,0.2374344489106971
209,0.8718020437720084,26.12110596777254,0.23386771838885975
210,0.8719081841669085,26.09959591010485,0.23473211481742298
211,0.8719749871153115,26.06435262074479,0.23651264371430678
212,0.8720530107260785,26.08289051949954,0.23474095584537802
213,0.8720720839912911,26.06627507062085,0.23488511899946948
214,0.8721774800636461,26.07893939210396,0.23361375017907163
215,0.8722056247598746,26.08879464962998,0.2335581303859617
216,0.8722901798009729,26.095446764535033,0.23305150700033972
217,0.8723508793045078,26.09885042741699,0.2328078613740585
218,0.8724466270958751,26.09507826844636,0.23357599920656114
219,0.8724863739197716,26.090060199342034,0.23339034473310827
220,0.8725293957628657,26.0607612595346,0.23415117252843454
221,0.8725655977506424,26.064558021877602,0.23302261391183413
222,0.8726192541020965,26.066874016831324,0.23423969616121657
223,0.8726634203411033,26.0653765272824,0.2345940868300822
224,0.8727442723775409,26.08709458479204,0.2326376184874151
225,0.8727738312866046,26.076630801019647,0.23507691747733098
226,0.8728590469139615,26.02831939447482,0.23739686194350007
227,0.8729558739730187,26.048187163876737,0.2366993663705251
228,0.8729775709752019,26.036914066803845,0.23704205876785586
229,0.8730664989112515,26.06064582969198,0.23627704771081356
230,0.8730899636794788,26.054316164547608,0.23558708844425175
231,0.8731310875000835,26.05483284834672,0.23577216691867786
232,0.8732433499479151,26.02188608958018,0.23671079902341427
233,0.8732960200719971,26.049241543235194,0.2338454857001166
234,0.873377262877771,26.067336476733043,0.23301095396908003
235,0.8734031839103964,26.079213204759245,0.23211412532331144
236,0.8734739131602237,26.078625794106088,0.2323422487143985
237,0.8735016577830841,26.08562988772192,0.23153094711955097
238,0.8735542720829754,26.088360932720263,0.23184526992656534
239,0.8735901577336703,26.095282665860235,0.23162026868221483
240,0.8736203865330243,26.05842338610357,0.23355653864297354
241,0.8736831794437168,26.04587100235759,0.23338363036411205
242,0.8737509407073962,26.0619478781439,0.23400797435838566
243,0.8738309460769392,26.027418534362667,0.23422658790752804
244,0.8738710557580764,26.033320096789655,0.23312289170472741
245,0.8738912455071063,26.0144682683483,0.2347560332943045
246,0.8739275033190739,26.025360736014413,0.23395356476826334
247,0.8739405940918319,25.992992730825073,0.2359354579833062
248,0.8740366117001215,26.01670658973218,0.23322625280901432
249,0.8740801080488378,25.93400353133132,0.2371527220520673
250,0.8741156680584196,25.95834433530443,0.2364946324589454
251,0.8741692313695555,25.9708509250943,0.23567248458044274
252,0.8741824058786,25.974735109050602,0.23621036975064932
253,0.8742261720442389,25.99668264468984,0.2353168664022037
254,0.874324580788704,26.01040694386039,0.23504097847252126
255,0.8743543816025947,25.976357644531205,0.23515418654264936
256,0.8744074983202036,25.96864893660592,0.23531301951884118
257,0.8745130897772267,25.918849570073714,0.23600412417931255
258,0.8745500733036755,25.94995695833932,0.23396547826439346
259,0.8745789064982578,25.94639545127838,0.23380049405119316
260,0.8746519896681332,25.96276418575031,0.2329085157091475
261,0.8747067625034046,25.971536695878356,0.23312766924328765
262,0.8747496354819897,25.96452666575525,0.23315809580899297
263,0.8748057201857464,25.993304663168647,0.23127410599685427
264,0.8748353907431918,25.954983964291834,0.2344196859627775
265,0.8749145215337443,25.970001736318416,0.23327959422800515
266,0.8749582411792243,25.985035184243,0.23257029078921432
267,0.8750046031697385,25.986077078404872,0.23189906424567042
268,0.8750522212045473,26.00723507299749,0.23082641717340005
269,0.8751377345609223,25.987672132752795,0.231736266512052
270,0.8751714523722053,25.979010559527165,0.23189832564547602
271,0.8752473267516241,25.974134037147984,0.23237982808529672
272,0.8752953820759279,25.972323355559364,0.23268788480451075
273,0.8753709587263288,25.987913277673087,0.2311593770577972
274,0.8753916322850128,26.021630813277707,0.22886956010649667
275,0.8754370824804094,26.01671756141866,0.22946467890139907
276,0.8754457352299938,26.024783694239524,0.22918335005614227
277,0.8754614404356906,26.061526657967775,0.2276430648087249
278,0.8755301041904558,26.066284896539074,0.22749014891383224
279,0.875564315115425,26.06994712521048,0.22716045867736742
280,0.8756143056783455,26.022725682456784,0.22858896105459225
281,0.8757403380932574,26.030594379000817,0.22726143261021767
282,0.8757668266718234,26.035701158978128,0.22765888072581067
283,0.8757807734155081,26.062285392341632,0.22607851826801373
284,0.8758148819961272,26.092996535871706,0.22366771118363374
285,0.8758364766539606,26.100148295869815,0.22337201875126642
286,0.8758793031123866,26.077704972100648,0.22356965221171102
287,0.8759813404292579,26.077370697636596,0.2236216894601132
288,0.8760093083488818,26.095701251995173,0.22241025335377587
289,0.8760405233756077,26.107133016700384,0.22247948323405403
290,0.8760809028736675,26.098176329913187,0.2236823133748782
291,0.8761743711772407,26.135187861288344,0.22132459127379137
292,0.8762250502385154,26.149478211799693,0.22083490103630063
293,0.8762674207993827,26.126798801363446,0.22173119644773243
294,0.8763483007479158,26.08324601483197,0.22430503908960386
295,0.8764023757808013,26.095624727077862,0.2231501372028165
296,0.8764850607115057,26.09032939791861,0.22408754894882504
297,0.8765358700292256,26.11736927353822,0.22241443535101313
298,0.8765675316494785,26.11606527244913,0.22254103334580405
299,0.8765845580276925,26.11304498982726,0.22275392641847327
300,0.8766025334171514,26.06539545156681,0.2252052821466558
301,0.8766658752657208,26.051695832922327,0.2260251407206059
302,0.8766882607662582,26.089478308422073,0.22103079823332694
303,0.8767036868510008,26.101194337582992,0.2202292104418818
304,0.8767429312571795,26.11492831701714,0.22031911808441526
305,0.8767989601367454,26.091013225439315,0.22172612109581658
306,0.8768452383909733,26.06237067744684,0.22056258939133339
307,0.876937459954284,26.073096260252793,0.22041022206478866
308,0.8769792164490517,26.081322236758844,0.22036627053374222
309,0.8770462799103456,26.067889135780675,0.21991145056069752
310,0.877096475161966,26.074000012546477,0.21915065888788324
311,0.877120200443084,26.071944718448183,0.21937550094905195
312,0.8771594076331356,26.062227312202168,0.22087815674799882
313,0.8771887432454357,26.03621450786333,0.22232148243137118
314,0.8772818300837049,26.018889285473247,0.2225851748638248
315,0.8773258939783618,26.004608504902937,0.2233134656693102
316,0.8773279594734239,25.982018376421145,0.2254848930387395
317,0.8773523639488641,25.997916391220805,0.22461320067724688
318,0.8773917851316474,26.00868522046918,0.22461179983863955
319,0.8774054155382505,26.048941845879526,0.22273830792708427
320,0.8774629330629061,26.028038788690036,0.22324117181456465
321,0.8775471159427322,26.02871667249284,0.22291227147175988
322,0.8775702457658142,26.020755815512985,0.22346661111379598
323,0.8775987254071878,26.037935378237638,0.2233577582260558
324,0.8776470877645413,26.022159328990796,0.2231864391033062
325,0.8777191474909175,26.03819552243282,0.22258049604133856
326,0.8778083638519534,26.02516497620782,0.223445733675728
327,0.8778499621781802,26.05194005822146,0.22155022642191524
328,0.8779627921719524,26.024241741527373,0.22269872173021976
329,0.8780253245697541,26.041587305810665,0.22234633619649102
330,0.8780377175401264,26.076636583219557,0.2203747571287723
331,0.8780468634033967,26.113069893882678,0.21797508128661322
332,0.8780820326436423,26.05138110574063,0.22143462500632283
333,0.8781318650380219,26.064358831976865,0.2203025768999794
334,0.8781808786776024,26.044846152670257,0.22145832225152376
335,0.8782267196423352,26.02906488148905,0.22217345203513778
336,0.8782512264621254,26.039000266360475,0.22243971536603946
337,0.8782765520367151,26.051968936773207,0.2205682441973148
338,0.8782997842041471,26.067742677178018,0.2193058474962906
339,0.8783274916108801,26.081561542248775,0.21843501860236503
340,0.8783680571895762,26.097509495671606,0.2190694960328447
341,0.8784135166890048,26.128835429317704,0.21877136850775858
342,0.8784616929657222,26.12396785965009,0.21885371057343825
343,0.8784992347340795,26.104555857248087,0.21852779533670363
344,0.8785172101235383,26.11546632047016,0.21816165167553245
345,0.8785700012000339,26.11270855506005,0.21823626627567322
346,0.8785976899987035,26.090719882086105,0.21883621342109708
347,0.8786574684030893,26.018562794157432,0.2223123257066359
348,0.8787046026282439,25.983083446972778,0.22337206637756957
349,0.8787551235209776,25.967015857749956,0.22494439254027299
350,0.8788238337959018,25.9920569676843,0.2211902380536871
351,0.8788788392319685,25.91926358683583,0.22334397518874186
352,0.8789151714761906,25.90202488256777,0.22552733227712332
353,0.8789237032733612,25.83449334329554,0.2261269034442088
354,0.8789972051246683,25.880590826326053,0.22269714404369642
355,0.879015729452004,25.910214752591937,0.22042089870730933
356,0.879033695537431,25.919672031948256,0.2204404605705007
357,0.8790466560537438,25.89749000174785,0.22215798399841502
358,0.879123581788757,25.92968138196525,0.2206143782573296
359,0.8791429062628285,25.949356261389184,0.21950274868804467
360,0.8792151334617774,25.91709043363543,0.2208814911258997
361,0.8792409614540848,25.884221365023166,0.22237572739043968
362,0.8792725579461149,25.894960394201973,0.2216536621019642
363,0.8793012701882836,25.91248524201453,0.22116497948268898
364,0.8794420587976478,25.92635542221669,0.22040731188482174
365,0.8795082290718876,25.934801130250992,0.2198342934686259
366,0.8795488318667108,25.936442393887003,0.21921702912787536
367,0.87963246580866,25.917336658440785,0.22070334551256993
368,0.8796863640649412,25.956872366319345,0.21865311499663367
369,0.879706256084953,25.959713932888107,0.21867563867105785
370,0.879731953820815,25.96825539008614,0.21842745805592573
371,0.8797335355062228,25.93297493500343,0.21950397606058514
372,0.8797825491458034,25.92083557872185,0.22063023988945238
373,0.8797939558888035,25.893328292385643,0.2220987292073231
374,0.8798516594940955,25.884040123088248,0.2224120339776243
375,0.8798948488097622,25.891031208737203,0.22205996307944906
376,0.879945713951673,25.9099400724985,0.22061618166281452
377,0.8799770406267806,25.93119764149119,0.21932419410527348
378,0.8799923643671733,25.928586377947493,0.2199611884078817
379,0.8800039106706508,25.927674900190535,0.22050951893942072
380,0.8800842137692116,25.94172669295372,0.22084400822704314
381,0.8801176059393813,25.970556629938635,0.2194531050219019
382,0.8801773471276397,25.99268750364137,0.21910010930119062
383,0.8802363067772262,25.96955383178363,0.21941243589044918
384,0.8802915169019926,25.96955213296046,0.2196441398567595
385,0.8803206478255929,26.011966715900808,0.21772557563290768
386,0.8803378044602524,25.890756430579273,0.22152148720993364
387,0.8803482156718488,25.880510583610647,0.22244204689655878
388,0.8803859063047154,25.87780798885295,0.22240475355606318
389,0.8804211778893108,25.91184989873399,0.22062314167438327
390,0.88047408991822,25.94419959903158,0.2181889192260918
391,0.8805087753488113,25.955265290417998,0.21811539052150034
392,0.8805224708836373,25.928332256787073,0.22002721756835447
393,0.8805284998962508,25.90783520463464,0.22059653435004326
394,0.8805700610063506,25.916517009430923,0.22070807437726658
395,0.880601694714508,25.906771834348305,0.2214918500289136
396,0.8806507548742474,25.940835324907866,0.21888315401793743
397,0.8806852635282344,25.94312689531269,0.21786614520912032
398,0.8807348912339142,25.944603396896436,0.21840214487877255
399,0.8807681066274795,25.9441005661494,0.21830019297221973
400,0.8807874497096146,25.874688796650574,0.2210102724415045
401,0.8807977213607339,25.85814066976896,0.22110159402838767
402,0.8808101050270745,25.83106883089239,0.22314429680786196
403,0.8808563646732387,25.844442748505518,0.2227448243624052
404,0.8808918502505659,25.862092481452827,0.2217183621285318
405,0.8808952927423361,25.877938142791134,0.22102624081443725
406,0.8809316063784944,25.909851220297266,0.21955297137740368
407,0.8809447808875388,25.91807388712661,0.21881240707603478
408,0.8809987907922018,25.971993248836345,0.21562408530454052
409,0.8810302477237547,25.973122874668377,0.21577163128207044
410,0.8810685989428797,25.986382276746085,0.21568531897099236
411,0.8811112486247014,25.991088840375802,0.21517968751384842
412,0.8811493858510946,25.948286602717083,0.2170385581310336
413,0.8811700687138105,25.902446684641315,0.21780566847526256
414,0.8811877277661878,25.919807347972633,0.21636694477837895
415,0.8812278467513567,25.90112009338624,0.21715517887431737
416,0.881304046771889,25.872356242497347,0.2189914581620407
417,0.8813613316957493,25.875247675583033,0.21895242139953197
418,0.8814169977180746,25.875855263006088,0.21833716555042665
419,0.8814253341305772,25.83417546579193,0.21950190899343536
420,0.8814330099568212,25.82584800551238,0.22038601504945599
421,0.881449068715727,25.84769536754861,0.21873141012781608
422,0.8815018597922227,25.859074528583783,0.21791193859807872
423,0.8815409925500197,25.85789152249744,0.21854604537171668
424,0.8816178531568106,25.85199225881758,0.21897305831895172
425,0.8817170434399476,25.855300062213267,0.21972675025752741
426,0.8817294829304789,25.829523256571903,0.22073473670148822
427,0.881739075387276,25.842708989860704,0.2193046628861411
428,0.8817724954695412,25.836847144275374,0.220612711654597
429,0.8818419872831377,25.80320193484134,0.22217186655206295
430,0.8819019610721913,25.79550520232148,0.2226122139257629
431,0.8819255095767051,25.78908003389571,0.22298163754350467
432,0.8819487882642962,25.758542185471114,0.22376389975706892
433,0.8819580736880437,25.75964078542739,0.2242872103284746
434,0.8819778540596738,25.77317138919318,0.22393234341995416
435,0.8820093202952586,25.676102386976346,0.22701607004386137
436,0.882076746613793,25.651745108168022,0.2283567815259063
437,0.8821027048625456,25.64608702546158,0.2283705869251319
438,0.8821751925743853,25.66203796768833,0.22890318930671327
439,0.8822188563956743,25.672442757735126,0.2286458277527892
440,0.8822427305413013,25.697617386806172,0.2272604183450383
441,0.8822635343564307,25.666156823587166,0.22811497619359405
442,0.8822995130474439,25.65438897959855,0.22847270775739636
443,0.8823381806036504,25.65549579966693,0.22861183943496133
444,0.8823668091095329,25.668268892701867,0.22721389662665065
445,0.8824018853094604,25.66247975112385,0.22739170529074945
446,0.8824294717637801,25.649016687116003,0.22845678081668938
447,0.8825113937638759,25.62624441320802,0.22949135656149278
448,0.8825194138392971,25.657878024929158,0.2278215577472374
449,0.8825562671093005,25.661902954510197,0.22729039132686812
450,0.882574056418123,25.656947200345193,0.22753571199320102
451,0.8825939205260396,25.634713098618853,0.22883526051936615
452,0.8826068252181615,25.653469301919237,0.22779780628855542
453,0.882666212853211,25.629016806091315,0.22773568964201601
454,0.8827134401186838,25.64022880682045,0.22643744794561982
455,0.882738784301337,25.64861097266712,0.22611379484523175
456,0.882766538228229,25.66062611007567,0.22433106926395652
457,0.8827897238755021,25.62112929919074,0.22579243822039569
458,0.8828080993383289,25.617097573595963,0.22637868011576381
459,0.8828296846921304,25.635152919322344,0.22526373221225146
460,0.8828538100466162,25.65373434357069,0.22449239770693852
461,0.8828864299821457,25.6878731426152,0.2222114154754161
462,0.8829315359283655,25.671844885186673,0.22385305234464697
463,0.8829800564542599,25.697132208389363,0.22315984371838427
464,0.8830302051857212,25.713486625444972,0.22233018989009679
465,0.8830420399141848,25.664303344778034,0.22470295335817006
466,0.8830757112053088,25.675286595650675,0.22316453572479591
467,0.8830912024182742,25.700861131012445,0.22207620782053927
468,0.8831403277062363,25.720660821301696,0.22143571175545795
469,0.8831812654462047,25.72443316486431,0.22215448634185134
470,0.8831987663300412,25.69334435044675,0.2239629565585283
471,0.8832235243586903,25.699872314979707,0.22295267631652338
472,0.8832358056806808,25.68390862725283,0.2234862857563274
473,0.8832956306052256,25.628765828042187,0.22645162758698265
474,0.8833513710598054,25.588100806551648,0.22849942396675316
475,0.8833675228590293,25.576004350602506,0.22725152362529125
476,0.8834018454323801,25.590387286976522,0.22658311881776283
477,0.8834541061790625,25.579549340285535,0.22743405185171295
478,0.883520043852507,25.60067052536035,0.2266886885176446
479,0.8835365678130035,25.615728110850952,0.22622050781037478
480,0.8835671315575025,25.587887158627396,0.22700389447917152
481,0.8835949785247128,25.601970624059376,0.22618036801031083
482,0.8836226487153189,25.593512399101726,0.22543995370538664
483,0.8836643866020231,25.588468854860505,0.22581134459287983
484,0.8837130466883946,25.61792816400768,0.22411988331940677
485,0.8837390886734336,25.6205045238017,0.22432860608171745
486,0.883756347652443,25.61585475970449,0.2239285315840181
487,0.8837639025262735,25.61623136269846,0.22420301176389876
488,0.8837790215779663,25.61040590120406,0.22432846854966756
489,0.8837817197471916,25.594809883949317,0.22503629158030936
490,0.8838079199007715,25.549545799147765,0.22675074973068737
491,0.8838458803505602,25.54733478872582,0.22710859871499262
492,0.8838701173534279,25.558154584832423,0.22644185860876215
493,0.8838769186006818,25.553142639711627,0.22640319370377723
494,0.883879765634416,25.542242541762498,0.22727297396693713
495,0.8839263509216937,25.551196638493312,0.22638422345334128
496,0.883956709977493,25.527069060622892,0.22876563225154717
497,0.8840017600995219,25.55121715632576,0.22705452178185348
498,0.8840675023882985,25.586343030037153,0.22525747580613176
499,0.8840897018081996,25.591040945243673,0.22567848372696048
500,0.8841127758070908,25.583349672608804,0.2260368934689637
501,0.8841339610875245,25.587954815918522,0.2244483301275396
502,0.88417051662851,25.627272363463945,0.2228146587786496
503,0.8841939627886736,25.589443530137245,0.2252148714861782
504,0.8842098261629113,25.596709571325484,0.2251897420885303
505,0.8842294762780962,25.55093154348324,0.22881974926695342
506,0.8842467910812967,25.542049551556833,0.22961838576429539
507,0.8842923343170114,25.543448219494884,0.22950585281503233
508,0.884306829998573,25.509900133569616,0.23124634487192608
509,0.8843329464158665,25.519347685793285,0.23050873454580736
510,0.884359658291196,25.525009223109997,0.23008231210101016
511,0.8843834114844094,25.549844952101264,0.22857243583897724
512,0.8844200414576493,25.504464756053036,0.23097512522089353
513,0.8844385843930486,25.50679354193382,0.23090701570821676
514,0.8844454321604615,25.476332195352555,0.2322754834085562
515,0.8844633238136342,25.496019014128787,0.231700449911983
516,0.8844808991297252,25.520379651646074,0.22963898459401935
517,0.8845269447831579,25.53320162262129,0.22830708092710625
518,0.8845680127795714,25.528358331126892,0.22906040907443684
519,0.8845926219437117,25.534716794063986,0.22898532219858034
520,0.8846530516303241,25.51265653761379,0.22986349780737672
521,0.8846562801293626,25.49554961400084,0.2301474153405324
522,0.8846687754440847,25.496032755416188,0.22932640804580887
523,0.8846858111263307,25.459160541962078,0.2309732141868147
524,0.8847714733472147,25.477028128790987,0.22974143738854869
525,0.88478814617222,25.480231722075988,0.22957653487701363
526,0.8848164862531163,25.483571424554086,0.22849810408233118
527,0.8848521486070479,25.474540280856715,0.2286319387913439
528,0.884858586997061,25.47655063617899,0.2281332866525419
529,0.8848730826786226,25.485741119538897,0.22799291084903603
530,0.8848816702999842,25.509495869177353,0.22678699419164744
531,0.884916876756357,25.522507881212746,0.22725374261208608
532,0.8849388342714309,25.538640377594447,0.22578894091707535
533,0.8849667091507367,25.540352944934476,0.22623939360415207
534,0.8849996547273794,25.508316671742946,0.22800776880949172
535,0.8850089680632223,25.498120385560753,0.22903849603867218
536,0.8850481938613375,25.50026417493437,0.22819806592914776
537,0.8850815488153798,25.52288985251677,0.22705802890701499
538,0.8850915320415133,25.525069152053614,0.22695967599160521
539,0.8850990869153437,25.495697654614546,0.2280169924320455
540,0.8851127359300104,25.480046497713083,0.22877556883799033
541,0.8851217608408671,25.52766208474734,0.22583520459921902
542,0.8851792132373001,25.527120509871924,0.2254324301744846
543,0.8852007706790062,25.517809686233996,0.22531196398196723
544,0.8852043992514125,25.50931105870429,0.22577937515207325
545,0.8852271476091904,25.48189348840215,0.22653154591904837
546,0.885247690911429,25.476115476423278,0.2271630032097951
547,0.8852638799267802,25.461213993024735,0.22751784871231248
548,0.8853758074294666,25.452840412868834,0.22797725933820237
549,0.8854114418713029,25.451020989118888,0.22875216815305116
550,0.885444806129377,25.450140470899946,0.22861808231119227
551,0.8854658146332063,25.45381972025084,0.22782007076775385
552,0.8855017840201876,25.447206885223586,0.2281825752423108
553,0.8855774630149384,25.434878798773386,0.2289816085060261
554,0.8855966758406282,25.416612180302543,0.2294531570919244
555,0.8856116367237802,25.403811973876785,0.23042040801163172
556,0.8856594408392252,25.39407063700966,0.23037987685439137
557,0.885687613447549,25.389624139700384,0.23033505188546682
558,0.8856939960133712,25.40533282440745,0.22922464588838226
559,0.8857132646632517,25.43707477792718,0.22760259816639655
560,0.8857312958769015,25.394991188616675,0.22981948205633784
561,0.8857552165426876,25.38689155234942,0.23006756680641224
562,0.8857730151555422,25.401256505425565,0.22946328274643438
563,0.8857958472496064,25.39348017482016,0.22917920904708644
564,0.8858215170733729,25.401486193384343,0.22901614267697357
565,0.8858519505614266,25.423348239857674,0.22763034832632018
566,0.8858711354750209,25.410086570038526,0.2291420955108796
567,0.8858826910825301,25.405189002730232,0.22917707630405276
568,0.8858982288156546,25.41063548893515,0.22992995119635795
569,0.8859115428851762,25.3794581193941,0.23118669071655262
570,0.8859129757060751,25.372089380884226,0.23148355148765334
571,0.8859632267818863,25.37413905430062,0.23145901061543686
572,0.8859779829763386,25.339218685555046,0.23227073063557244
573,0.8860008522865299,25.372414180587498,0.23158019324924062
574,0.8860343468010496,25.315043646632095,0.2339687291120683
575,0.8860976700415554,25.283292943019344,0.2343154511486308
576,0.8861281407457364,25.294676369860056,0.23315394874193263
577,0.8861400406024226,25.252755701729342,0.23569369792672998
578,0.8861471488827264,25.28091461942612,0.2342060561296324
579,0.8861728466185883,25.268097129854127,0.23551207740997634
580,0.8861841138011115,25.23564085003459,0.23671109843732918
581,0.8861924781257096,25.217043640286747,0.23705171566847597
582,0.8862051874331633,25.255221154184497,0.2353420100682761
583,0.8862322900778287,25.229208160206237,0.23614483532872793
584,0.8862624816610554,25.218471407421635,0.2367142810255413
585,0.8862624816610554,25.208436508719373,0.23803262362518518
586,0.8862967391061836,25.226459612137614,0.23756247244599957
587,0.8863086110507744,25.22828541152188,0.237925690692192
588,0.8863249768427299,25.23098245121435,0.23747293387935756
589,0.8863365045381438,25.22481374307564,0.23711574256913703
590,0.8863596715773533,25.223396903642406,0.23716225278350636
591,0.8863702595655542,25.225471098230045,0.23711613470512205
592,0.8863892770065759,25.214120692444926,0.23755476563260686
593,0.8864340852237776,25.1803135821345,0.23981278712674334
594,0.8864696545373911,25.1840546972028,0.23938303143581516
595,0.8864776187886214,25.211827178776765,0.23756591179270042
596,0.8864814520497275,25.22850703439699,0.23651506789901233
597,0.8865048982098913,25.230434680970234,0.23634727710520556
598,0.8865195892761207,25.22107312698256,0.23587926873126935
599,0.8864932178188965,25.237393569653157,0.23430899612719105
600,0.8865037587396423,25.246236645626226,0.23350622185087738
601,0.8865459913819205,25.23013389112012,0.2339425066265274
602,0.8865595468089731,25.259223452117258,0.23327574997890582
603,0.8865919281234513,25.25613340814399,0.23329611889388463
604,0.8865995431998407,25.255506994373786,0.23263846153362727
605,0.8866344858595469,25.26197936456651,0.23183798230412528
606,0.8866541392585077,25.240852045158807,0.23225507692252245
607,0.8866672809297926,25.211766399276343,0.23346155972216837
608,0.8866862250331519,25.18654938220895,0.23555960828647654
609,0.8867017507257646,25.19122709299069,0.2344451265460934
610,0.8867296792400773,25.186241174577162,0.23428976363833762
611,0.8867884325590758,25.177087063813623,0.2351832685499432
612,0.8868077510128913,25.221783702739568,0.23241485599683998
613,0.8868084997138042,25.189780967350934,0.23447312062261988
614,0.886819779484135,25.179022590242326,0.23493319538135043
615,0.8868602093334258,25.180116869380228,0.23512013508273255
616,0.8868662679000227,25.173502377012102,0.23464152062826665
617,0.8868764541729678,25.151049069793782,0.23581999988756924
618,0.8868943540355803,25.129665921155937,0.23698152113596957
619,0.8869297400050374,25.136419319167054,0.2364460674622014
620,0.8869531664625455,25.167545513971795,0.2347960342489416
621,0.8870149835444898,25.149774980157208,0.2357903456192777
622,0.8870336715133262,25.143120929708424,0.23592419073636753
623,0.8870442616907112,25.13752423965999,0.23727218870528516
624,0.8870762292494218,25.133668112032137,0.23699867355708573
625,0.8871171319624468,25.086023470379647,0.23792790158551652
626,0.8871584878365507,25.083560066929522,0.2382848964650975
627,0.8871670978970477,25.07807388954429,0.23932019139945424
628,0.887208591689741,25.083456929462876,0.23876932777895904
629,0.8872422930821445,25.089784100664247,0.23721006832649258
630,0.8872456523849241,25.11699125344442,0.23524430357020898
631,0.8872650792033455,25.122113190790984,0.2349295905585966
632,0.8872961798452099,25.153805554851452,0.23359368729560517
633,0.8873252314108917,25.131601835431425,0.2340744089052004
634,0.8873335065262437,25.15778589728046,0.23225278972240201
635,0.887364548060141,25.138432469921252,0.23380177827944476
636,0.8873755913986047,25.131699033803443,0.23468838001135636
637,0.8874130855522112,25.083612963732666,0.23752475483677546
638,0.8874388467744078,25.067621254797317,0.23903135328679254
639,0.887441940091337,25.0577493175271,0.23892528320103376
640,0.8874628052036172,25.072438808009437,0.23776260296952986
641,0.8874821532114162,25.077522854711074,0.23759776706075564
642,0.8875017475024102,25.082925312163205,0.23730496615507282
643,0.8875372122824898,25.055251922513705,0.23799162390141884
644,0.8875661160782546,25.04932683007944,0.23837964970964376
645,0.8875897592649744,25.05428174747266,0.23838001833859057
646,0.8876458822794504,25.022920247250795,0.2402626566110073
647,0.8876797314417707,25.07391789604424,0.23762117652664858
648,0.8877152848838006,25.048866247527478,0.23913975724623526
649,0.8877577835119292,25.067647809322306,0.2381581902003706
650,0.8877755651586081,25.06920445373308,0.2374128939862351
651,0.8877968144726724,25.050133578857647,0.23853626967839148
652,0.8878187533796826,25.06804438646762,0.2383499309400482
653,0.8878352937590587,25.051365400830477,0.23904870076204585
654,0.8878451647895143,25.063931600472618,0.23725554814652905
655,0.887853499012833,25.061217882393258,0.23681554188646897
656,0.887858267055488,25.059083066854097,0.2373988146438408
657,0.8878710048223333,25.07887848455133,0.23660420569567123
658,0.8878981058251109,25.10198813234675,0.23485040905433938
659,0.8879193846931586,25.110369368319763,0.23459793105346857
660,0.8880034066679637,25.100500249809972,0.23516505013846953
661,0.8880094849372163,25.11320605367738,0.2354436641113269
662,0.8880322809097453,25.08529431767827,0.2368152198096979
663,0.8880432158836032,25.107291452192996,0.23612072188626398
664,0.8880483681280426,25.088837127716722,0.237277109003616
665,0.8880962652838056,25.053155176273307,0.2393272637619294
666,0.8881082642010659,25.04836670164413,0.2394054541795071
667,0.888141000163345,25.062084619920853,0.23802833230139686
668,0.8881476596609376,25.062685247988313,0.2384443382049372
669,0.8881695788652922,25.05307255803883,0.23874964459503645
670,0.8882006105478619,25.00760174182903,0.2422542007616435
671,0.888215229918317,25.047721112362876,0.24008732137448555
672,0.8882416807334598,25.035044378680148,0.24009403092244538
673,0.8882445376185217,25.032337621228834,0.24017749106018224
674,0.8882570093995164,25.03210018036402,0.23967741375057633
675,0.8882749880727511,25.03549833806129,0.23935108272024153
676,0.8883001680666077,25.03571206911979,0.23860341097868
677,0.8883184127256931,25.052963719682666,0.23771742298649504
678,0.888345444769176,25.006513802611636,0.23988584851074388
679,0.8883928690612046,25.009963364512753,0.23945877182384034
680,0.8884004348809549,25.006238113030765,0.23950232884289668
681,0.888403823737718,25.0545750535427,0.2367922492726633
682,0.8884359981743125,25.053510769924713,0.23682185161752828
683,0.8884921014861328,25.033012387581692,0.2383620418633908
684,0.8884924955392448,25.014561834686262,0.23852947687694506
685,0.8885307383937641,24.990636199266508,0.23944441506628358
686,0.8885791970752116,25.006253989553787,0.23823486698786206
687,0.88859236830048,24.996243546703013,0.2383396490272432
688,0.8886155484747933,24.97863025574372,0.23867679985567533
689,0.8886271828929249,24.972272592761797,0.2389542501416717
690,0.8886548454213871,24.95968861706361,0.23954942770707072
691,0.8886681644165726,24.973912018791328,0.23951125104844811
692,0.888684586580015,24.978422450800718,0.2392086221472929
693,0.8886956594724621,25.00066804698382,0.23679795186828537
694,0.8887068111755316,24.964230666983457,0.239143027414596
695,0.8887346707305497,24.98721619693944,0.23781793114678998
696,0.888783484059798,24.976528080411942,0.2382040983096836
697,0.8887960543540707,24.9861903277122,0.23815034683693495
698,0.8888219929001678,24.98794217433621,0.23843648313693655
699,0.8888417448124065,24.967491216186705,0.23911600575681197
700,0.8888468280975513,24.978110456318525,0.23872167492507282
701,0.8889012172783345,24.99595443212666,0.2377619303604197
702,0.888902468396965,24.989518198870112,0.2373426839950339
703,0.8889322489609041,24.99425076630277,0.23726747245988178
704,0.8889430657188283,24.973247678492736,0.23867909843547383
705,0.8890076017672455,24.9327429150014,0.24102863315666212
706,0.8890436428500014,24.95362681999772,0.2394165878960802
707,0.8890711502200505,24.988705677912648,0.23681782014511837
708,0.8891050843500734,24.966846716054395,0.2386644147920028
709,0.8891285933124518,24.959010885267137,0.2389796352300902
710,0.889134297846956,24.942347828689837,0.2396271700511187
711,0.8891789292875533,24.936263624024615,0.24043192191278265
712,0.8892027313269338,24.93618906382225,0.24002119398148467
713,0.8892332113351467,24.935349283649675,0.23994992855002614
714,0.8892534336482879,24.916780606884387,0.2412389451613005
715,0.8892904555538678,24.894672916331373,0.24240107825199111
716,0.8892904555538678,24.855484223549848,0.24499597925907943
717,0.8893088984709251,24.849846231446346,0.24528952816752303
718,0.8893288067729928,24.823872508332595,0.24718716366151294
719,0.8893551104339265,24.834535492551282,0.24635228621925423
720,0.8893684140364122,24.828726366636904,0.24686288330370762
721,0.889378075110444,24.80012909280463,0.2476272632764833
722,0.8893810372815718,24.794672458817242,0.24778657785306013
723,0.8893930115705126,24.807130486762595,0.2481949217147769
724,0.8894025993752939,24.81511794860397,0.24730368642382247
725,0.8894200688580229,24.800773988179916,0.24847947630674477
726,0.8894437243589024,24.815009613475187,0.24734975249931324
727,0.8894661447495589,24.800472364686144,0.24893016331709808
728,0.8894894234371501,24.796525962953694,0.24988343699328633
729,0.8895174227578813,24.79128192702358,0.25082593782027157
730,0.8895460186996524,24.787132321686304,0.25072666004779665
731,0.8895685960958458,24.795784859007775,0.24957392596241984
732,0.889597192037617,24.799159522199496,0.24951560404091824
733,0.8896091035243431,24.802412566939832,0.2491627092787444
734,0.8896178853673686,24.79620626197325,0.2498277550387487
735,0.8896211196814269,24.80213624868262,0.2493387537568339
736,0.8896686086227943,24.835744846800914,0.2473544184051207
737,0.8896795676092637,24.85012117553877,0.2462744188308748
738,0.8896894903591901,24.85868273649911,0.24555849214577136
739,0.889689940441729,24.85429298978024,0.24586635589581737
740,0.8897265750669848,24.89483303248804,0.24328817866532948
741,0.889736215206945,24.890493239985307,0.24358044361767967
742,0.8897586565316732,24.904699599788703,0.2434885226071885
743,0.8897707040898645,24.89596037489552,0.24440167886976866
744,0.8897783973611681,24.895564449951195,0.24430805840802777
745,0.8898037799229525,24.894161613460906,0.24421020500054103
746,0.8898105206939996,24.88038141022729,0.2445750247137996
747,0.8898188524544863,24.875126654351643,0.2448609009441505
748,0.8898188524544863,24.86211933444997,0.2459576470941636
749,0.8898265771268975,24.869809737393382,0.24458417162882415
750,0.8898289845451286,24.86261824955741,0.2439223764937561
751,0.8898434604556226,24.862680563144735,0.24361807977500638
752,0.8898566907888578,24.806787287888657,0.24690229733744673
753,0.8898971354151403,24.78225783063021,0.24835009700446647
754,0.8899056032470921,24.769842285792528,0.24860714920849317
755,0.8899352877605852,24.764843655901345,0.24867021293695613
756,0.8899426879548868,24.761837183698738,0.24887322879857962
757,0.8899680705166714,24.76064392112975,0.24901124909318073
758,0.8900422189981891,24.786544282987734,0.24755085670005655
759,0.890052759303227,24.772713193474612,0.24807898971326986
760,0.8901165670511892,24.752217565600816,0.24886006151525714
761,0.8901289376918853,24.72533842201536,0.250445464787612
762,0.8901474489935765,24.737610760386314,0.24906788018978607
763,0.8901954577977211,24.730458711674807,0.24935488791922006
764,0.8902107424611803,24.70230658508854,0.2504464976268213
765,0.8902245087066477,24.71059386675804,0.2504506517907583
766,0.8902360866438332,24.712255814215084,0.25010503431462966
767,0.8902609953977979,24.698086826880974,0.2509322601751814
768,0.8902695030044858,24.67355234221278,0.25235560356270903
769,0.8902849328108412,24.66516153125978,0.25292050017273
770,0.8903019703538936,24.645674921389762,0.2532400969316025
771,0.8903071396739677,24.656468645896606,0.2526264262707931
772,0.89031837150117,24.63504747417587,0.25471608005911933
773,0.8903335668459236,24.644643944546253,0.25411046809023924
774,0.8903844561783172,24.637484020967342,0.2544104273528515
775,0.8903947836536275,24.64013493011174,0.25415828301996873
776,0.8904205074407785,24.620784336273534,0.25473810625214194
777,0.8904211326717163,24.607927321229855,0.2555850437501099
778,0.8904252524970021,24.61323543872036,0.25505398395048545
779,0.8904297184322714,24.62724820066071,0.25384394302113206
780,0.8904427254687431,24.614329761478306,0.25384373701718493
781,0.8904786204234701,24.61490640666884,0.25317782703830033
782,0.8904786204234701,24.61057400437137,0.25314299598714535
783,0.8904994875060158,24.617128937217377,0.2522766396256295
784,0.8905022452210446,24.606964574777923,0.2530333184745707
785,0.8905028927816586,24.629882983675728,0.2521670222363607
786,0.8905144930485206,24.64193093288754,0.2512651885391848
787,0.8905539607514629,24.610607629821533,0.2534510694767947
788,0.8905738564930876,24.621762347041017,0.25226514354656676
789,0.8905925464321895,24.607491043538904,0.25355052809644135
790,0.8906142062182455,24.61235256060819,0.25344316516802046
791,0.8906255496938293,24.610745286414666,0.2536865678610402
792,0.8906448536990309,24.617394188986438,0.25343133659731115
793,0.8906448536990309,24.617696394918422,0.25381279982692373
794,0.8906634543194276,24.607069755006048,0.25479789048314827
795,0.890704942858079,24.633595027957035,0.2531743311580571
796,0.8907313700300351,24.620933096940224,0.2537055659271728
797,0.8907609233566796,24.630825911004745,0.25275716125276504
798,0.8908017196753645,24.646311056829532,0.2518024261136408
799,0.8908206440760682,24.648302208527806,0.2518361939800281
800,0.8908292186717851,24.6463991798924,0.2524053179163835
801,0.8908457649619578,24.64457292969988,0.252079523606321
802,0.8908729401780715,24.641210536972338,0.2522261020228281
803,0.8909256605439252,24.661674194558806,0.25127012625328543
804,0.8909269668299914,24.66110821561268,0.2511199347003983
805,0.8909419277131435,24.651020150523234,0.252121611574403
806,0.8909419277131435,24.646359055362026,0.2527641523554348
807,0.8909726086884434,24.65278082585303,0.25207347964024707
808,0.8909882059673715,24.643044209493453,0.25248866320293256
809,0.8909966130905159,24.661240786984884,0.25109504389870213
810,0.8909972159917773,24.67080809153225,0.2500998647891308
811,0.8909982543217274,24.671276578218265,0.2507971037178305
812,0.891031492044969,24.63394040851362,0.25272795834029527
813,0.8910451019827021,24.635645200925506,0.2526573715788601
814,0.8910658127575134,24.62727580812355,0.25341699150452357
815,0.8910898506541004,24.611085881135452,0.2545135964521431
816,0.8911394671949423,24.610368646069663,0.25437075096507217
817,0.891148410230319,24.60543781355402,0.25414505617598315
818,0.891149638362518,24.574915382166,0.25594857997243986
819,0.8911602449587825,24.580059010021614,0.2562033737001934
820,0.8911854886578923,24.55129970182625,0.2572094698737243
821,0.891201655343567,24.53392756091103,0.2585155326336964
822,0.8912131439620471,24.531741167705867,0.2583683294134374
823,0.8912131439620471,24.55795220394185,0.25613863766565115
824,0.8912474423449154,24.535621690539607,0.2579903497133675
825,0.8912826339148373,24.535796701052693,0.2578389336806558
826,0.8912907172576746,24.53379666038477,0.25783449001619946
827,0.8913043606899222,24.555044688855773,0.25588598103985866
828,0.8913451793382835,24.56441222823877,0.25490514533633774
829,0.8913707133231857,24.565818702399056,0.2547850520465486
830,0.8913707133231857,24.569250702170628,0.25470605577636124
831,0.8913869916572421,24.553431553289684,0.25475537229097384
832,0.8913870586462712,24.545512329302888,0.2556078073658427
833,0.8913927192192249,24.533404654487057,0.25582194785036033
834,0.8914097679271155,24.5341097073467,0.2560652116551549
835,0.8914292728994041,24.518103164137464,0.2573260802525497
836,0.8914493249487632,24.52741032376858,0.25638435217270983
837,0.8914493249487632,24.552201764814804,0.2543424193012565
838,0.8914572743135424,24.54323729560042,0.25422906676580637
839,0.8914652460079981,24.54523448259153,0.25382417202371627
840,0.8914803631988847,24.541424826642153,0.25430875019775206
841,0.8915094810968404,24.529134014650825,0.2551114681340866
842,0.8915113009654626,24.508476767367355,0.25612569128680196
843,0.8915242075183909,24.524641485434817,0.25529072215022125
844,0.891556183614919,24.51868033541518,0.2561075360384362
845,0.8915583942528772,24.522996528516856,0.25518770621175
846,0.891558773857375,24.52529348222985,0.25532290549736264
847,0.8915762914884688,24.53581285487089,0.25445459916812785
848,0.8915776535987259,24.520143077540748,0.25560394086151716
849,0.8916161053013946,24.506453431767007,0.25638955348570863
850,0.8916178693458259,24.499564778809763,0.25661065502617075
851,0.8916252381390203,24.497560772586702,0.25722804190505466
852,0.8916383009996829,24.50388566602809,0.2566027081993937
853,0.891645078056454,24.51351792503603,0.25553720859313056
854,0.8916516876406526,24.531966299270913,0.2538983546303795
855,0.8918771830797485,24.54330220722989,0.25434089249742875
856,0.8918787262198816,24.542760584661348,0.2541569942393415
857,0.8918988468532466,24.538956999419273,0.2553271255646441
858,0.8919567684387123,24.534997910360975,0.25572645332074156
859,0.8919908849942157,24.524506096109302,0.2562792330464259
860,0.892005945563423,24.55222357246319,0.2542535881216812
861,0.8920261020837679,24.553319579787864,0.25410425656942887
862,0.8920409353687695,24.558733285669042,0.25280025319323
863,0.8920719177947002,24.561181631535266,0.2532094591147973
864,0.8920719177947002,24.582087973061267,0.2512106038433549
865,0.8920885334663672,24.584808486530267,0.25098806414614633
866,0.8921099460310066,24.58379937258913,0.25043828579760385
867,0.892120879597532,24.5744539302272,0.2510059747944343
868,0.8921369689268278,24.55551669616018,0.2519918197225779
869,0.8921580704709752,24.550644477493837,0.25222457068778725
870,0.8921656785107018,24.533117948163603,0.25334539015651486
871,0.8921809185148083,24.53511012879742,0.2539959215593654
872,0.8921885744038413,24.538981125757328,0.25376623875193
873,0.8921972829776166,24.522713550168763,0.2549820375670994
874,0.8921972829776166,24.52148336372921,0.25507882143889177
875,0.8922093649274968,24.532146455141554,0.2540295887916811
876,0.8922093649274968,24.560107657201296,0.2531233318869662
877,0.8922239709282925,24.55740285588945,0.25369321792095795
878,0.8922324402555353,24.548258592736584,0.25470067841132127
879,0.8922343303031405,24.56041452356601,0.2533905323075566
880,0.8922367466931165,24.553038416724824,0.25483797838389827
881,0.8923461311278551,24.543587929174716,0.2565364908192115
882,0.8923461311278551,24.536378604652274,0.256767768864647
883,0.8923681602124046,24.543390630509883,0.25614870397825995
884,0.8923690619877955,24.52027199452401,0.2565221932580562
885,0.8923750910004091,24.522407315074435,0.25610665633275387
886,0.8923752971204983,24.537527222215793,0.2552709751073914
887,0.8923800121175424,24.55160471397804,0.2552416779985244
888,0.8923877029733764,24.576502605209786,0.25388618683594144
889,0.8923959735419615,24.605290456829234,0.2519040730540805
890,0.8923997481160979,24.583177574189673,0.25303819116874227
891,0.8924018093169912,24.594856769372146,0.2515670994937037
892,0.8924332683956285,24.600300820160847,0.2513812011860325
893,0.8924642379390536,24.571197706608693,0.252690022573708
894,0.8924808048412353,24.579706442158436,0.25235510815624446
895,0.8924943572371102,24.558815797671024,0.25354040687516594
896,0.8924943572371102,24.548822591743434,0.253678565762294
897,0.8925033878735249,24.56627971271007,0.25306317977290504
898,0.8925182414024637,24.604283742029317,0.25104411605611276
899,0.8925320772134614,24.607348259060124,0.25111372601254883
900,0.8925414041475046,24.602590871841723,0.2514158698753702
