Generations,Unnamed: 0.1,Intertwine_two,Add_vertex,Delete_vertex,Invert_path_vertices,Insert_inside_vertex,Delete_inside_vertex,Replace_inside_vertex,Donate_between_routes,Trim_one_terminal_cb,Grow_one_terminal_cb
0,0.0,0.1,0.1,0.1,0.1,0.1,0.1,0.1,0.1,0.1,0.1
1,1.0,0.1005472835934235,0.0986165360783096,0.096982826642444,0.1031452747350841,0.0982595911595491,0.1020943372462333,0.1014607035692846,0.1011694682146622,0.1001243206489361,0.0975996581120731
2,2.0,0.1055096526528175,0.0947653684319256,0.0951311656242017,0.1066761532253519,0.0960790890800476,0.1038590253001914,0.1031933850855495,0.1012021960836268,0.100849085924131,0.0927348785921565
3,3.0,0.1067713904532751,0.0931928863472127,0.0927151262174739,0.1061954287068351,0.094362824726212,0.1063719169959114,0.1047781379847817,0.1011621614271492,0.1005986596249351,0.0938514675162133
4,4.0,0.1051622198493635,0.0906684051639265,0.0923790989885338,0.1058858412386458,0.095422739082157,0.1071536646675163,0.1066425166994229,0.1008492472276505,0.1033959040847433,0.0924403629980401
5,5.0,0.1048296555445983,0.0852694374553058,0.0914280448211132,0.1077360714378033,0.0982487499014511,0.1097762917790858,0.1073143697466768,0.1008427991880687,0.1035665369598278,0.0909880431660687
6,6.0,0.1046113967973025,0.0785356501826665,0.0947637195375919,0.1106990163986461,0.0985642373814802,0.110010382994799,0.1081717767408246,0.100996836145214,0.1030420636338544,0.0906049201876204
7,7.0,0.1049502239725468,0.0719898851354645,0.0943230313903984,0.1114748624993147,0.096864763983124,0.1106210183064702,0.1105734806449377,0.1040470563161967,0.1041369874228862,0.0910186903286604
8,8.0,0.1049886110342278,0.0702609581517638,0.0943054491818225,0.1101002433875495,0.0989244846267765,0.1121252649694074,0.1113359887029579,0.1042649301475959,0.1041918690780295,0.0895022007198687
9,9.0,0.104645618147602,0.067544928982833,0.0976441513572244,0.1093037684360806,0.0985832637536392,0.1132968480116346,0.1108292589914793,0.1050440931996952,0.1037219332846057,0.0893861358352055
10,10.0,0.1074328937260029,0.0643928525258357,0.0961548125251872,0.1098403551634742,0.099150659790922,0.1139717781215962,0.1103972611951914,0.1036969530333114,0.1054079262110165,0.089554507707462
11,11.0,0.1072779136474008,0.0647430832492642,0.0956378991694063,0.1111512392116159,0.0985662230362373,0.1126102385659909,0.108408361158283,0.1050373362145327,0.1063155915452972,0.0902521142019711
12,12.0,0.1040177735429562,0.0648651884975809,0.0955016676688017,0.115789716188619,0.0970518359056568,0.1120934708602084,0.1066400752065734,0.1072747677600552,0.1044596779042324,0.0923058264653155
13,13.0,0.1048066001294368,0.0652366875411616,0.0918253864635687,0.116255595919747,0.1006434142193267,0.111432813185468,0.106504277408147,0.1059707509592632,0.1034981262428777,0.0938263479310026
14,14.0,0.1026454035030347,0.0656649588145315,0.0892478208856942,0.1158965194842049,0.1020831429999034,0.1112725903955324,0.1065953845785347,0.1053787270237696,0.1049399148524662,0.0962755374623278
15,15.0,0.0989810373268157,0.0698168736619669,0.089038569815646,0.1140577667660005,0.1028050438872712,0.1097905910560023,0.1047637488813408,0.1072614134132179,0.1063066905593476,0.0971782646323905
16,16.0,0.0971954159129895,0.0729828662245384,0.0888463618822746,0.1157373085549004,0.1024785802152326,0.108662098040521,0.1019164530289198,0.1088323061698584,0.1082283841810241,0.0951202257897407
17,17.0,0.0939690778689309,0.0775550382078288,0.0871593845748983,0.1161928386578239,0.1025197145205492,0.1085898344148305,0.1025852767523431,0.1101756942603113,0.1055486254796319,0.0957045152628515
18,18.0,0.0964990695308326,0.0779372310993899,0.0846847613700978,0.1151342064109265,0.1049193923194618,0.1099543375630952,0.1007658657638917,0.1072743430963277,0.1043728502681961,0.0984579425777798
19,19.0,0.0997595496643932,0.0835250204768334,0.0807955648952465,0.115633932978665,0.1059282861783069,0.1081133970321985,0.1020179947045074,0.1046273823566014,0.0995379860219552,0.1000608856912918
20,20.0,0.0998059676155878,0.085669527731907,0.0773232566921535,0.1199135961112809,0.1057682097926462,0.1119003258596097,0.1007875739066184,0.1041443067592225,0.0921776899082446,0.1025095456227285
21,21.0,0.097974124258882,0.0854998657680421,0.07648523576668,0.116927369150856,0.1088773874462239,0.111791984089359,0.103765186259312,0.1049090566699668,0.0911548382903136,0.1026149523003639
22,22.0,0.0966185963733832,0.0886999422937885,0.0728821985545473,0.1174553998162649,0.1096329858807842,0.1121353210745636,0.1030325956358025,0.1042577343949465,0.0902873540000049,0.1049978719759136
23,23.0,0.0960991007159888,0.0910684132431885,0.0742174541464596,0.1159489752064585,0.1097388879004234,0.1139735241928851,0.1025146724232928,0.103847945883724,0.0870097366632656,0.1055812896243128
24,24.0,0.094773349579673,0.0898876050426975,0.0742214620366404,0.1116050529656554,0.1127339836357689,0.1119767233960398,0.1041503391982717,0.1007060605280008,0.0919715214109771,0.1079739022062747
25,25.0,0.0934627719285279,0.0912364835811129,0.0759451115653206,0.1104472916221987,0.1109454003212338,0.1119225431975137,0.1018408669824993,0.1020623725050225,0.0921345886559347,0.1100025696406351
26,26.0,0.0935685554459784,0.0879972944553658,0.0758918034411657,0.1066632274915092,0.1150490929858865,0.1092783791920939,0.102733170968,0.1025235749889441,0.0920949622506245,0.1141999387804309
27,27.0,0.0924363441954204,0.0880149734952047,0.0754583309031694,0.1056238484268419,0.1134473659957165,0.1071526710506435,0.0970508334453164,0.1041933367809321,0.0961185546714969,0.1205037410352574
28,28.0,0.0911319203480612,0.0905614422726207,0.0729543098863824,0.1022411401364847,0.1179263908918324,0.1091799535616299,0.0958336339590335,0.1052331871541346,0.0945743980842727,0.120363623705547
29,29.0,0.0895080638927804,0.0914829485143616,0.0696646304332718,0.100095763208069,0.1171887450760429,0.1071253561966768,0.097830496633015,0.1068753299389461,0.0977704023192598,0.1224582637875758
30,30.0,0.0866389849753374,0.0915868347046586,0.0672347572908492,0.1017951856350007,0.1168523871226191,0.1069543721591763,0.0999277930174395,0.1082102653765896,0.0967594253134869,0.1240399944048419
31,31.0,0.0867988922139709,0.09278885256642,0.0623420768340989,0.1056166423987864,0.1149721694727593,0.1065210979762915,0.0987943986486941,0.104561071378397,0.1002918495110449,0.1273129489995363
32,32.0,0.0872964169827897,0.0958865239780139,0.0596396279106276,0.10446768653558,0.1184363061868763,0.102033982799605,0.0972536740628234,0.1060889358007413,0.0990754447500767,0.1298214009928653
33,33.0,0.0879791448896683,0.0969024918625675,0.0576009437893373,0.1034397078897801,0.1199712658010891,0.1060483342005363,0.0941345256570714,0.1057580080641625,0.0979914231163825,0.1301741547294042
34,34.0,0.0850755527565206,0.0983530339382229,0.0579340997661085,0.1003275002532784,0.1185937742219233,0.1027911304520983,0.0977019368203195,0.1023584659608441,0.104892873955274,0.1319716318754096
35,35.0,0.0836186737670609,0.1001814476235176,0.0605005213498529,0.0986769191740943,0.1186691325014268,0.1006435780199708,0.0969641190065512,0.1033838103336342,0.1041683722072906,0.1331934260165998
36,36.0,0.0841467566057273,0.0998917749077956,0.0631838095514614,0.0991593542404543,0.1211059663920459,0.1005881337504692,0.0932367292878779,0.1027103612806867,0.1033508626007736,0.1326262513827073
37,37.0,0.0812870592592599,0.1001641291787252,0.0622089321022693,0.095048439453535,0.1193510557815769,0.1006798533408014,0.0940500029916656,0.1091182200509054,0.1068510522352728,0.1312412556059877
38,38.0,0.0811331674442377,0.0996185399501992,0.0642022582603568,0.0951512616735331,0.1171235494820469,0.1033078254447266,0.0952092844193624,0.1071585913009907,0.1052925515351953,0.1318029704893505
39,39.0,0.0837037199424508,0.0970207213084978,0.0631708491291481,0.0936667803193428,0.1137873316396314,0.1030891717785025,0.0992729590647865,0.1082513903844047,0.1052930807806917,0.132743995652543
40,40.0,0.0834878345125064,0.1018890322947701,0.065751940898933,0.0895234562419325,0.1125541235201474,0.0995774806784498,0.0994392915752856,0.1088846695845871,0.1083582961221652,0.1305338745712221
41,41.0,0.0843717357823843,0.1024165780541196,0.0674563574645398,0.0881919853011145,0.1119210853786987,0.0996136082550772,0.0989103360706857,0.1089229614086887,0.1048006211617349,0.133394731122956
42,42.0,0.0855309533654324,0.1032341290996568,0.0661395075434769,0.0895714237487254,0.1148855852014718,0.0985144598606267,0.0968714878420918,0.1084011244351232,0.1052798572248376,0.1315714716785566
43,43.0,0.0889373305258473,0.1033878773663141,0.0652940644393305,0.0930736002871363,0.1135948296514607,0.0964319658314066,0.0974260770875243,0.1076962366013369,0.1036692126425734,0.1304888055670692
44,44.0,0.0917749997032108,0.1086456302312189,0.0663101975858901,0.095967442674279,0.1123283288198535,0.0955948326000163,0.0966969991587201,0.1027042214294645,0.1017215939071654,0.1282557538901806
45,45.0,0.0945085509316736,0.1078696620176441,0.0685474251319015,0.0969832935697188,0.1079103632080967,0.0935122804396498,0.0996593383744526,0.1024427356408085,0.1025302585534719,0.126036092132582
46,46.0,0.0955480031626306,0.1090344835870929,0.0690508960763744,0.0952056598694627,0.105086139441512,0.0945351986682419,0.0984260670884817,0.1051182341078314,0.100461696788099,0.1275336212102726
47,47.0,0.0997338073353335,0.1073532433789458,0.0718426107510619,0.0958213214731214,0.1053849390101698,0.0921443768594762,0.09845450452942,0.1042977364039671,0.099876437168464,0.1250910230900396
48,48.0,0.1025334157985638,0.1057699368889375,0.0730004520291071,0.0968511693525185,0.1031969906911366,0.0933935621968743,0.0975910917236862,0.1036602554996502,0.1001969222702679,0.1238062035492573
49,49.0,0.1032475612343364,0.1063812405249468,0.0780920829873528,0.0978027976648519,0.1016896239543716,0.0912467769221204,0.0993590359542157,0.0990434105571289,0.1007078741014796,0.1224295960991951
50,50.0,0.1001508079967951,0.1077466901312234,0.0748637702111555,0.0984392017934787,0.1027854041682451,0.0961492875030149,0.0980856662181878,0.0979751937713646,0.0998076620907915,0.1239963161157428
51,51.0,0.0975875476212681,0.1083203015675291,0.0776660974710906,0.0926573099734099,0.1000321854890981,0.0950136273134935,0.1022735430644099,0.0961325100289064,0.1064604905068723,0.1238563869639214
52,52.0,0.0982296048866454,0.1051813876768881,0.0801016114360233,0.0911402127116584,0.0978657053723003,0.0980708208708563,0.103990161571567,0.0981491735338639,0.1065237692163391,0.1207475527238574
53,53.0,0.1014638385921159,0.1050446350345855,0.0785426413478297,0.093104727794838,0.0961597710960733,0.0981922690922844,0.1012624310046341,0.0964685579010197,0.108943262165023,0.1208178659715956
54,54.0,0.1030662466148782,0.1037732692437794,0.0779265832248647,0.0952217531736969,0.1018245348261405,0.0988391866159673,0.0956809934797275,0.0965847473410361,0.1070744380804348,0.1200082473994738
55,55.0,0.1020350060113235,0.1052067443770538,0.0780282713334713,0.0950527447381466,0.104786184194745,0.0955411606268398,0.0947949948448619,0.095569074175651,0.1091321953889641,0.1198536243089423
56,56.0,0.1000212947388413,0.1029606339757207,0.0795818854608277,0.0940336917731886,0.1036674583571273,0.0981354276724854,0.0961971122985129,0.0985093076357781,0.1075791317739392,0.1193140563135781
57,57.0,0.0985223893132415,0.1065965409951197,0.0818601098893218,0.0921580879920084,0.1013200692156271,0.1020114702434737,0.0968783556401381,0.0960991072083804,0.1038967014765464,0.1206571680261422
58,58.0,0.1001972973861727,0.1068717971994676,0.0811999352437593,0.0942620870545734,0.1040816144425729,0.1027115853748827,0.0968602491023025,0.0890746977917559,0.1036368259045718,0.1211039104999405
59,59.0,0.1017878955463029,0.1046300396225078,0.0845459983493348,0.0954558927346999,0.1065263838547901,0.098763672010558,0.0995276302243154,0.0916385205120725,0.1014966211665868,0.1156273459788311
60,60.0,0.1042326089326816,0.1084095471382001,0.087550304632938,0.0938243325484094,0.1060102675966023,0.0993623134668931,0.0959694692133095,0.0927826742905431,0.1021625148354266,0.1096959673449958
61,61.0,0.1055532698884727,0.1105931046584433,0.0863585212473831,0.0925322327642937,0.1069575583995045,0.0979740806883327,0.0970027773917808,0.0921856714152083,0.1000023566354735,0.1108404269111068
62,62.0,0.1033934182528157,0.1107160201171818,0.0840720778617113,0.0902116065802232,0.1084173892602345,0.101008611169772,0.0991212614935022,0.0930023820828382,0.1002724641321723,0.1097847690495481
63,63.0,0.1069973743303273,0.1114270544387577,0.0847962936166716,0.0864836721803404,0.1047830462593467,0.1029408931653726,0.0967902977067592,0.0935475353295405,0.1034537640360904,0.1087800689367928
64,64.0,0.1060563650904429,0.1084021906461518,0.0856745478373768,0.088522232761037,0.1045919443996249,0.1041798127284923,0.0997233178764891,0.0931802677300348,0.1026639183388415,0.107005402591508
65,65.0,0.1011828282515683,0.1114747894226423,0.0852536380242319,0.0914741924052796,0.1052424795898484,0.103705397464528,0.1014036249146659,0.0932021543398268,0.1016421692001802,0.1054187263872279
66,66.0,0.1057963064415624,0.1113805493574977,0.0851576894075471,0.0928339335603427,0.1041964379518665,0.1028981697560899,0.1005280480763924,0.0929540640824283,0.098571810636596,0.1056829907296764
67,67.0,0.1025674880101005,0.1093917495545352,0.0841894632447283,0.0895002738865084,0.1098023606786418,0.1039625146431608,0.1034166859341501,0.0921124230860447,0.0961012898888831,0.1089557510732465
68,68.0,0.1011714033527545,0.1050345696278261,0.0832566998647737,0.0861178907126859,0.1102379004516421,0.1040759724118141,0.1097174443720799,0.0917544197611963,0.0992708690572022,0.1093628303880245
69,69.0,0.0996476090565636,0.1106456119792901,0.0780951705077447,0.0825032153918492,0.1089939114094052,0.1031043309972357,0.1102393046128877,0.0915318115891535,0.1008810913634899,0.1143579430923798
70,70.0,0.0958314843957083,0.1111339469320282,0.0816648827191197,0.0764028645311207,0.1073268070052734,0.109714077333311,0.1120406836758429,0.091260584795721,0.1012763539299431,0.1133483146819311
71,71.0,0.0964247307524539,0.1151587509676068,0.0821678574727518,0.0704485201111538,0.1054178900155747,0.1123024439783651,0.1145463233383782,0.0905890887223865,0.1001249904844876,0.1128194041568411
72,72.0,0.1000006791356397,0.1133324840117318,0.0825849637316692,0.067926180092366,0.1077425515065779,0.1116905871085714,0.1165602564916002,0.0896049982352503,0.0977011371985202,0.1128561624880727
73,73.0,0.0993466071548044,0.1157498761761483,0.0790366207627125,0.0658437672819815,0.1075942610640104,0.110613979219058,0.1134353311624606,0.0949879972919942,0.0970968334004796,0.1162947264863498
74,74.0,0.099282413857097,0.1177610530369968,0.0762837715891392,0.0673109271212149,0.1113160433035641,0.1044804749272529,0.1127595588012125,0.095258180807974,0.0983703926620581,0.1171771838934897
75,75.0,0.0940165055328468,0.1199964195879073,0.0761308525158071,0.0646428598737303,0.1140620184726675,0.1086389532726131,0.1104649331984641,0.0967294648750202,0.0979886787607362,0.1173293139102067
76,76.0,0.0998790896123226,0.1231110021635477,0.0730717488218782,0.0596124529860491,0.1125699016904066,0.1091190869698316,0.1115718270383662,0.0973122233015323,0.0975430820389247,0.1162095853771404
77,77.0,0.102804886741851,0.1229780251998091,0.0725704374939501,0.0597697457543836,0.1107853889336646,0.1062763754976392,0.1086386569706753,0.0995587767192634,0.0990209760720361,0.1175967306167269
78,78.0,0.101095830422977,0.1238238107831255,0.0718575038338974,0.0635732645198343,0.1128781105272562,0.1083699144495942,0.107230639286625,0.0976880075137463,0.0961518101185719,0.1173311085443715
79,79.0,0.1033798947168273,0.1229120155168728,0.0684322753183784,0.0639053590683362,0.1158889344835744,0.10782161089596,0.1075931795991942,0.0997936849100692,0.091907876587151,0.1183651689036359
80,80.0,0.1012508953207291,0.128081380521271,0.0737409205640834,0.0658104681113992,0.1153873667669831,0.1030654899676088,0.106944699722466,0.1007407972110759,0.0920063990505452,0.1129715827638375
81,81.0,0.1031932632028314,0.1259311274437669,0.0727410119522641,0.0694790011349982,0.1156939173241216,0.0969894145744305,0.1071944849613072,0.0992594894941688,0.0936595764184469,0.1158587134936639
82,82.0,0.1013399953197392,0.1247759943476884,0.0761727232209821,0.0717873644232051,0.1201314084959979,0.093857563831104,0.1058798877803103,0.0926135684361283,0.0946901029643035,0.1187513911805404
83,83.0,0.1000497177423268,0.1233958541850699,0.0773163524969614,0.0724762929942142,0.1203036956696615,0.0912694901434041,0.105874160713978,0.0959237245622835,0.0945723948082612,0.1188183166838387
84,84.0,0.1002418185734515,0.1217168830803745,0.0749706563972816,0.0737405211805905,0.122163640185071,0.0866115646696084,0.1094831490111307,0.0976155962621962,0.095589070009506,0.117867100630789
85,85.0,0.1019155401142425,0.1193926100233174,0.0791325951318565,0.0715615637009554,0.1193826886517289,0.0829406966624892,0.1062955412160375,0.1020384271575424,0.0953456503306035,0.121994687011226
86,86.0,0.1031869811032863,0.1158984689237677,0.0803279336318665,0.0792215616379588,0.1169860710764494,0.0804808817196888,0.1041406947933929,0.1033093986823391,0.0952986829059506,0.1211493255252993
87,87.0,0.0992222926228271,0.1230255813980295,0.0835192491217908,0.0814425299888253,0.1163515917110722,0.0772498274245893,0.102566786466705,0.1055343916047936,0.0918592348475837,0.1192285148137828
88,88.0,0.1035963766763571,0.1232313580470977,0.0828039954349183,0.0804667471040492,0.1120367832725892,0.0766610224113313,0.0999828566223016,0.1055380625659695,0.0939556543136113,0.1217271435517741
89,89.0,0.102406993816896,0.1210887871824576,0.0834795434270321,0.0791095166733042,0.1100794174219932,0.077149536025272,0.0987812052882411,0.1084320162591951,0.097503180746267,0.121969803159341
90,90.0,0.1025676706812434,0.1201635258124379,0.0830486236444298,0.0795738293946301,0.1069476870214359,0.0804420359762047,0.1009825439135177,0.1082031450689105,0.0964680482074049,0.1216028902797843
91,91.0,0.0983407180463838,0.1202327019485965,0.0781352461301683,0.0796012468838383,0.1138071468124874,0.0772723641365757,0.1023884430729916,0.107784305252253,0.0983115309770717,0.124126296739633
92,92.0,0.0994833444988554,0.1197149019808157,0.0763253773485412,0.0826408691041979,0.1144777844220099,0.0763392954389696,0.1001387174999336,0.1109500488461516,0.0967748892710475,0.1231547715894768
93,93.0,0.0976221273906333,0.1212127603822084,0.0746086863015702,0.0847963500240684,0.1165453195233738,0.0768578649544838,0.0971100224108977,0.1100283787211445,0.0979159849080512,0.1233025053835681
94,94.0,0.0982473987705011,0.1154581451049219,0.0738805285972646,0.0861221259900754,0.1176465082548953,0.084401085273134,0.0921575603632557,0.1082504254843449,0.0973713061566675,0.1264649160049389
95,95.0,0.1033320365604808,0.1139075297246671,0.0742178585671708,0.0885407410623471,0.1146765862383716,0.0849580893938551,0.087051199860736,0.1078990076417637,0.0970590856930141,0.128357865257593
96,96.0,0.1054037993908238,0.1100829931983541,0.0730334776938022,0.0867748105565345,0.1173116963534008,0.09391817822349,0.0889966114874831,0.1035755159389896,0.0931132304447763,0.1277896867123449
97,97.0,0.104881043878823,0.1098950742882535,0.0696186818439305,0.0860742010686644,0.1185644192601824,0.094575093263045,0.0872169052043244,0.1006480893203183,0.0982935773210579,0.1302329145513998
98,98.0,0.1051606786084182,0.1087503125216071,0.0680187163599797,0.0810024881164099,0.1256135559421148,0.0911132549077399,0.0844016375675546,0.1023782480127015,0.0989572685486138,0.1346038394148596
99,99.0,0.1057424837397429,0.1092066523205323,0.0634682623727176,0.0860388918386496,0.1253480606612828,0.0886565621143349,0.0831701747016318,0.102603942386724,0.0966163228135707,0.1391486470508128
100,100.0,0.1057197121114036,0.1091396908891573,0.0641827387407467,0.086499457821379,0.1274942810097185,0.0908086315945539,0.0814900256942545,0.1004006905539771,0.0957310012798437,0.1385337703049648
101,101.0,0.1077659801555262,0.1097556416740032,0.0642196608883837,0.0863357761889445,0.1273424965072366,0.091324507351696,0.0814140680734174,0.0930836461767022,0.1009748407373214,0.1377833822467681
102,102.0,0.105908834018142,0.1083497651844979,0.0629827953559407,0.0856126736869879,0.1267062649516157,0.095130111113319,0.0793193577328254,0.0959970246991502,0.0992443373855054,0.1407488358720151
103,103.0,0.1053389889687451,0.1110545572489608,0.0637833345547812,0.0895045819845712,0.1247216438460849,0.0999128257589691,0.0779072679562108,0.0940915494398607,0.0948136770637637,0.1388715731780517
104,104.0,0.1049585004887675,0.1146137764542444,0.0643304591865349,0.0929352904872864,0.1252403825035294,0.1053064609077628,0.0773946690510761,0.0921667823192975,0.0881101369509674,0.1349435416505329
105,105.0,0.1028867639511297,0.1132627645987967,0.0615792157359853,0.0981125368954857,0.1215064541716398,0.1037016084008872,0.080843747735634,0.0918779940818852,0.0933091954329101,0.1329197189956456
106,106.0,0.1005807884025016,0.1110709457425895,0.0718859368165365,0.095755304619678,0.1189327382887491,0.1025587430359306,0.0837305940334068,0.0941927706562691,0.090716583677224,0.1305755947271141
107,107.0,0.0956396582002936,0.110020741650529,0.0714194282964728,0.0996607627324075,0.1179327922325303,0.1033260927661337,0.0861697283290069,0.0938293504302465,0.0911419518221938,0.1308594935401852
108,108.0,0.0976431581821085,0.1135970019074527,0.0697684584260699,0.100102617840651,0.1175696327716068,0.0997341255099858,0.0872115592924957,0.0950028633145396,0.0888936890628341,0.1304768936922553
109,109.0,0.1002795793656842,0.1159019210301803,0.0698209313940113,0.0981080103897831,0.1166040603766641,0.0984276237433882,0.0908132190452401,0.0935781907992325,0.088372629282031,0.1280938345737845
110,110.0,0.0998838232767459,0.120445994766877,0.0696846866409705,0.0957928180928454,0.1152984823969533,0.0978877252449712,0.0946144052346012,0.0925304981507002,0.0885552665802847,0.1253062996150499
111,111.0,0.0976893116457869,0.1197517093672675,0.0748107321558479,0.0931944708215638,0.1137712744871501,0.0975065250819074,0.1004436022321665,0.0883907564047664,0.0889245928758616,0.1255170249276811
112,112.0,0.0935667443321124,0.1198750324815339,0.0790267548357547,0.0906137189537464,0.1115967881466961,0.1014152732772324,0.1006148607472353,0.0872740580739866,0.0923605513231202,0.1236562178285815
113,113.0,0.0916502256188038,0.1239213035542977,0.079605828862688,0.0896081329944968,0.1104790486500747,0.1011905166706733,0.1024124330621142,0.0860044266315888,0.0910976652015581,0.1240304187537039
114,114.0,0.0951010412588358,0.1237611602852901,0.0754124713723864,0.0835347516641068,0.1098822459875557,0.1000787481488726,0.1093871525715137,0.0890985463909491,0.0907911138558773,0.1229527684646117
115,115.0,0.0919392145198486,0.1264441233151616,0.0711843249173912,0.0862477217255636,0.1114286477838791,0.0975531936241539,0.1104043338991261,0.0884776726163157,0.0913595492095421,0.1249612183890174
116,116.0,0.089602139337259,0.1263651228535642,0.0714756818768946,0.0879138162810849,0.1135249455383883,0.0934904478197261,0.1116998156429203,0.0881661956223711,0.0926444806457961,0.1251173543819949
117,117.0,0.0852336112371007,0.1248178422747714,0.0790676640351858,0.084907063404596,0.1114389396633346,0.0977054371931413,0.1143603798949422,0.0858024855798091,0.0909976724705967,0.1256689042465216
118,118.0,0.0785999140380765,0.125553841018443,0.0781370313631213,0.0853906308933184,0.1103810057325139,0.0978048532230141,0.1158611175483415,0.0866444006071295,0.0936609304008591,0.1279662751751819
119,119.0,0.0829040088245651,0.124454976217801,0.075459227879276,0.086251164141782,0.1105063274101089,0.0996955127105179,0.1172720040488312,0.0853863288351357,0.0915259785209963,0.1265444714109853
120,120.0,0.0846444398956658,0.1228353659921559,0.0761229157720967,0.0834860711372856,0.1098272669620858,0.0972865544543709,0.1148272241406601,0.0879660238658485,0.0945270019672358,0.1284771358125944
121,121.0,0.0834720488317519,0.1211713558920313,0.0808512506468496,0.0860361078093902,0.1089803470268456,0.0951390291355861,0.1106899044474393,0.0883497479114196,0.0943160502675499,0.130994158031136
122,122.0,0.0860770414931515,0.1157116043402847,0.0840057683310649,0.085790180546328,0.1104141183674415,0.0941463354398713,0.1068088087630806,0.0887332366523905,0.0980846454805991,0.1302282605857872
123,123.0,0.0822299274759553,0.1103260110513282,0.0863027504830888,0.0859474700872809,0.1109402679311297,0.0973420114206485,0.1063014151522147,0.0899746785044694,0.1017305478390387,0.1289049200548452
124,124.0,0.0803745470035027,0.1037494173867304,0.0875638034455748,0.0836157075570923,0.1112935047654552,0.096564399528386,0.1092981844584442,0.0933225475995148,0.103649424087091,0.130568464168208
125,125.0,0.0791410950724763,0.1038378969784766,0.0827993754001274,0.0917714320008003,0.1062694717411755,0.0989803086441387,0.1059586491736889,0.0936150425827129,0.1045584123064078,0.1330683160999948
126,126.0,0.0844985391962754,0.102204390545724,0.0837270218807609,0.093317277261565,0.1040518430020076,0.1007792711982769,0.1044376533397889,0.0908165087057326,0.1068954005871614,0.1292720942827066
127,127.0,0.0881455896520971,0.1040326277095973,0.081998518024741,0.0922259430103254,0.1023506104720782,0.097400035475232,0.1028237685499384,0.0912388623057399,0.1069239763500755,0.1328600684501746
128,128.0,0.0892647656720565,0.099373568504309,0.0806743053656714,0.0939303418892361,0.0993097628264493,0.1022538689787874,0.1009159146605922,0.0932094166706762,0.1079869133552403,0.133081142076981
129,129.0,0.0910271713553904,0.100697016060413,0.0773565641251453,0.0918507006346508,0.0972262177608736,0.1050779023006366,0.0998825438746041,0.0992212383461372,0.1093645700631981,0.1282960754789502
130,130.0,0.0911015264582367,0.1019061468287628,0.0868871700685682,0.0921056883426636,0.0969472567285502,0.1046611382876798,0.0969236716424771,0.0975550016688626,0.1065809966471121,0.1253314033270863
131,131.0,0.0919996046168917,0.1055925967825737,0.0852380388229324,0.09177723533133,0.1003970997540815,0.1086914098759176,0.0932797980092658,0.0928098326368347,0.1051382195515326,0.1250761646186392
132,132.0,0.0968094705641493,0.1078256254411066,0.0905991466298234,0.0897953638437943,0.1008873015320438,0.1072409454756759,0.0912490372650344,0.0900252973450572,0.1018717511009227,0.1236960608023918
133,133.0,0.0981085680032928,0.1121120204836356,0.0901519201607441,0.0929027305436538,0.0999567324857068,0.1087671248317565,0.0924393033345087,0.0868612006176911,0.0979789693228218,0.1207214302161882
134,134.0,0.0955853318748603,0.1133844070657835,0.0916369667144798,0.095457931396189,0.0989613963115388,0.110038992352162,0.093046177609483,0.0896371715474503,0.0908876043519228,0.1213640207761297
135,135.0,0.0938641209411031,0.1137008642628387,0.0902776401056235,0.0954874810847517,0.102416099846523,0.1097514949680386,0.0937601113870885,0.0908520657375289,0.0897420941252735,0.1201480275412298
136,136.0,0.0915791271734604,0.1116601233229982,0.0887360563432181,0.0999342376907911,0.1021453592591037,0.1078934036960477,0.0920889008796412,0.0930341567080999,0.0933759580240919,0.1195526769025473
137,137.0,0.0875444675456561,0.1123407851415263,0.0905968196734595,0.1002049928255177,0.1010357964247179,0.1089273654423211,0.0887249851964898,0.0920106793821984,0.0965913637740539,0.1220227445940587
138,138.0,0.0845730874694156,0.1106640045305134,0.0911038741688178,0.1013947523881954,0.1045958154885121,0.1066534137752379,0.0898058423023416,0.0907099253542844,0.0981919184384591,0.122307366084222
139,139.0,0.0856064806538084,0.1100789065237812,0.0878980351226177,0.1016219771321984,0.1029916233013968,0.1068049462111643,0.0896446370632596,0.0896485985086515,0.1026414063501006,0.1230633891330211
140,140.0,0.0879781321125074,0.1097667047430096,0.0841046763643378,0.1013827273654348,0.1002672165778135,0.1082039162720907,0.0936982087267969,0.0891008065617269,0.10317122734822,0.1223263839280618
141,141.0,0.0896279995656423,0.1101279031637174,0.0809119574659458,0.1008925833699239,0.1067482134642168,0.1048218500697937,0.0930274220736728,0.093741641516469,0.1011917228229025,0.1189087064877153
142,142.0,0.0910731248886483,0.1123305023568163,0.0779319225469614,0.1006666708962173,0.1086542527255283,0.0989508700714261,0.0961815895057262,0.0964233221863561,0.0998037479862798,0.1179839968360397
143,143.0,0.0882714868215664,0.1136529791434222,0.0752524630060949,0.0973638859033466,0.1083430045007409,0.0986242539106556,0.1001190273920659,0.0968753040253787,0.1013487462940006,0.1201488490027277
144,144.0,0.0846602124600183,0.1176074269570816,0.076961175974311,0.0935543657305271,0.1144720058870935,0.0967333849658793,0.0985516344623536,0.0958958467490452,0.0979266735134599,0.1236372733002301
145,145.0,0.086588147442396,0.1199668047082292,0.0771629764496638,0.0901772033358718,0.1169593184333256,0.0995876705692237,0.100004519096516,0.0935432763521381,0.0936035984306356,0.1224064851819995
146,146.0,0.086927354584325,0.1208168724719318,0.0732258368439883,0.0903034203568851,0.1156422507229385,0.0973349722257134,0.1037352512519486,0.0935890140320495,0.0952666819468047,0.1231583455634147
147,147.0,0.0882194590419031,0.1218137586479354,0.0702239806602252,0.0854630200801097,0.1212654758781891,0.094511211826772,0.1016708756219354,0.0978670555712271,0.1006437046664189,0.1183214580052834
148,148.0,0.0856371620933953,0.1195807936994092,0.0696639553993211,0.0857649645474388,0.1205809672137747,0.0998775218433318,0.1035457076672669,0.0969807721259454,0.1003627234626902,0.1180054319474259
149,149.0,0.0842986816524038,0.1264171575661146,0.0711239820547127,0.0860415523558957,0.1203724539156547,0.1006615009690833,0.1018658768969808,0.0952066244901742,0.09842570234926,0.1155864677497196
150,150.0,0.0871628222092281,0.1244299992364163,0.0676895000077019,0.0864157667053511,0.1218318787113802,0.1016422246066416,0.1016195311696042,0.0960788674489344,0.0981677813284521,0.1149616285762898
151,151.0,0.0885129510261228,0.1248733430523014,0.068472923162075,0.0888434314626059,0.1185944063191567,0.103447636895346,0.1009756718127537,0.0930987698407306,0.1014352783387284,0.1117455880901791
152,152.0,0.0898234040909007,0.1238118079773818,0.0696476771337504,0.0902657756440464,0.1158268170944985,0.1045817732865231,0.1046126008966348,0.0934819810851372,0.1006240496331924,0.1073241131579342
153,153.0,0.0903665300465921,0.1245251651304154,0.0742957182046915,0.0934228321405709,0.1075074122643252,0.0998455958859263,0.1091158959298237,0.0960229288422582,0.1006588193568145,0.1042391021985816
154,154.0,0.0909429618519211,0.1249881685403845,0.0755742491927874,0.0916403897527151,0.1073327560732601,0.0959703430380791,0.10635932679382,0.1014077298627587,0.0975741219517855,0.108209952942488
155,155.0,0.0905605562260331,0.1190435858238064,0.0780120458716881,0.095614854061932,0.1093393378677311,0.0932105982150582,0.1097365926007875,0.1015850904408885,0.0921601416564689,0.1107371972356057
156,156.0,0.0892451491236135,0.1196890853020313,0.0767032395235673,0.0966463629930872,0.107588189224752,0.0921017028012445,0.1125000954969689,0.1011152605485267,0.0914023443439417,0.1130085706422663
157,157.0,0.0942281649896007,0.122508320360066,0.076108018831684,0.0963483035756034,0.1053997954945813,0.0915389440752366,0.1092689797031753,0.1002167909005331,0.0876583252493947,0.1167243568201243
158,158.0,0.0927940803555664,0.1210219553142701,0.0832783709623784,0.0974144306493223,0.1006591881524957,0.0912252049562153,0.1036860195408874,0.1028633788836964,0.086665710986122,0.1203916601990453
159,159.0,0.0950821069096532,0.1272419707013325,0.0864501459034826,0.0952630605320149,0.0963980792632211,0.0888359830642704,0.0991009389446156,0.1034201726577703,0.0864658007309751,0.1217417412926638
160,160.0,0.0925281717036266,0.1271901876301728,0.089090567713967,0.0933746984951499,0.0963659608101057,0.087511780195667,0.0987185565192365,0.1014863760806117,0.0896012787461756,0.1241324221052865
161,161.0,0.0965702745107011,0.1305337200337339,0.0902960323898909,0.0908968928188256,0.0911484753207009,0.0918620531284687,0.0914373143153154,0.0946706913613716,0.0941922509065817,0.1283922952144095
162,162.0,0.0971063458574128,0.1351227691842,0.0853000826654066,0.0885234404601092,0.0908958879466937,0.095517064256387,0.0972658113399229,0.0878898682004417,0.0943257764239941,0.1280529536654314
163,163.0,0.099217506928667,0.1355735940582854,0.0828254509063714,0.085372214689647,0.0915433323379488,0.0953212356933918,0.0970535119915831,0.0885032794959557,0.0957544728942268,0.1288354010039223
164,164.0,0.1011957424652232,0.1301953287602687,0.0797831831154153,0.0828233161622118,0.0888223583112612,0.0959124096652047,0.1017192700322252,0.0897363399769921,0.0949833033322691,0.134828748178928
165,165.0,0.1018048042863735,0.1318787037283587,0.0784129269720942,0.0845865580689182,0.0840018692442591,0.1012494466971137,0.098046615030683,0.0911755903348049,0.0929977494097187,0.1358457362276754
166,166.0,0.1031608125836676,0.132217589930718,0.0751208519077056,0.0851246965304811,0.0863558799374483,0.1035529133142954,0.0909845833100701,0.0955638907553847,0.0935605315189936,0.134358250211235
167,167.0,0.1077741644890167,0.1286620430929065,0.0731334543353881,0.0881341073474073,0.0920771609332284,0.1045766704965706,0.0840189089284178,0.0947491276841837,0.093308113985503,0.1335662487073772
168,168.0,0.107402560746691,0.1290069728011977,0.0732227924094532,0.0871692149926191,0.0911090908151675,0.1068052526133754,0.0852256227468962,0.0939770011717429,0.095942514992362,0.1301389767104945
169,169.0,0.1107697356486721,0.1326646694127859,0.0711708245451896,0.0862760645841561,0.0930733289985627,0.1080412478510798,0.0840320780457011,0.0893324833595055,0.098946524499811,0.1256930430545355
170,170.0,0.1112584514754007,0.1268047068808874,0.0744331352656203,0.0924322610759625,0.0939156087302138,0.1109647444036615,0.0828450403704907,0.0869244913915926,0.0962543253688211,0.1241672350373488
171,171.0,0.1096113296526074,0.1225203167475356,0.0741222392796512,0.0931593530334064,0.0954442925821759,0.109358747450603,0.0894254984823982,0.0884831103021605,0.0967634149331651,0.1211116975362962
172,172.0,0.1071400177161821,0.1220772397962257,0.0737228734719444,0.0995125184456283,0.0974495551697639,0.1123254527041862,0.0848777971678534,0.0870834432757405,0.0972923045990706,0.1185187976534044
173,173.0,0.1086169519024804,0.1211058448826332,0.0740364645669088,0.0965391403133863,0.0992012048674647,0.1137579122192267,0.0844191071902571,0.0880113716171864,0.0954220478262563,0.1188899546141994
174,174.0,0.1047096299212298,0.1242136769258149,0.0795574494023508,0.0947412996667402,0.098096644140428,0.1133867169689421,0.0857012857296868,0.0850011781797043,0.0949175387365326,0.1196745803285698
175,175.0,0.1031460797442894,0.1263173129248272,0.078141042374848,0.0956324705655199,0.1016550113080901,0.1156715273378984,0.0870104226552231,0.081429470576263,0.0945949511329869,0.1164017113800534
176,176.0,0.1048165838213339,0.1197790304657169,0.0756753217667921,0.0937885695458247,0.1048450974092026,0.115673874805746,0.0858148391769256,0.0779720808264382,0.0986473837808457,0.1229872184011736
177,177.0,0.1020994283080964,0.1190509292575534,0.0734115910997783,0.0929496994987083,0.1059935930350056,0.1112710177289126,0.0845437314431725,0.0883071404235273,0.0947419129445904,0.1276309562606546
178,178.0,0.1025268320139831,0.1177952563152655,0.0734492303072093,0.0944168204440121,0.1087839193278899,0.1067187387917485,0.0849765287667049,0.0957096775324292,0.0910303643962055,0.1245926321045512
179,179.0,0.1013319274938616,0.1210550419715874,0.0747900998005304,0.0947560454044162,0.110914582322695,0.1018701959006035,0.0865998388079581,0.0982168248085306,0.0845256305662743,0.125939812923542
180,180.0,0.1047438550351908,0.1204021614904889,0.0778060005480817,0.0948965643208878,0.1096807706571404,0.0992860179698531,0.088820567083947,0.0972440161480239,0.0781261138136735,0.128993932932712
181,181.0,0.1029607430784551,0.1208875242811265,0.0767063599680741,0.0947881234320703,0.1077323481702649,0.0991231057639218,0.0922844314425565,0.0953843672387871,0.0802147355353964,0.1299182610893467
182,182.0,0.1049873178767334,0.1194487760912408,0.0766607547022111,0.0902762388889206,0.1032603111980871,0.0975567353912184,0.0943652806087725,0.0939874609683316,0.0873348491227487,0.1321222751517353
183,183.0,0.106261821334187,0.1237224284046709,0.0759878434069343,0.0874972844855637,0.1122625741086132,0.0982364170103243,0.0900549451801189,0.0903744133082014,0.0873818322601018,0.128220440501284
184,184.0,0.105630902669845,0.1191242401274378,0.0744322294236037,0.0859458084258013,0.1088474333450448,0.0954045016639658,0.0985265244819076,0.0927542090515481,0.0897649503846135,0.1295692004262317
185,185.0,0.1049263826044274,0.1199621140981918,0.0764762000336319,0.0853205574440223,0.1034614689260866,0.0972823781354139,0.1027592384352606,0.0942501256191976,0.092043522763505,0.1235180119402624
186,186.0,0.1056390115245745,0.1220035601094095,0.0718622372321604,0.083418042974899,0.1128809552765277,0.0970460352322127,0.0988148820347159,0.0891310825100976,0.0979994412555099,0.1212047518498921
187,187.0,0.1044442613015192,0.1241288436729018,0.0672910483385145,0.0795749560010323,0.1161456750423307,0.1001843320188702,0.0975070822572569,0.086867702519851,0.1022795072673767,0.1215765915803463
188,188.0,0.0986456866477699,0.1221655502476233,0.0702054473234483,0.0768481671136808,0.1178335483568221,0.0975002230822863,0.1015336485707473,0.0863647906688887,0.1083444032968912,0.1205585346918417
189,189.0,0.0952029501007955,0.1217860908108979,0.0720061665872176,0.0710491302398034,0.11732886733439,0.096273961118423,0.1037585873405164,0.0935245825465678,0.1057112062435146,0.1233584576778733
190,190.0,0.0910842528688643,0.1166554875963039,0.0675898017004245,0.0654195057509157,0.1187073153984462,0.0966367550102033,0.1133094287514451,0.0940572563523986,0.1034797539670688,0.1330604426039292
191,191.0,0.0839384324971681,0.1246401437606509,0.0697382834950779,0.0599986486534076,0.1169462797689408,0.0964072407241063,0.1112726931554182,0.0970865337329666,0.104275617669317,0.1356961265429463
192,192.0,0.0882072798934586,0.1217602536709213,0.0669579918941285,0.0649354138293262,0.1176655106999865,0.093109675977524,0.1145644291027968,0.0959509114508511,0.1000603563330764,0.1367881771479303
193,193.0,0.0876386973314503,0.1220866026263105,0.0627067600274859,0.0642610745907051,0.1153034133616824,0.092916175616996,0.1178419488771386,0.096004407540319,0.0993332041646897,0.1419077158632219
194,194.0,0.0863507877368898,0.1200650164891384,0.0620788955141421,0.0636396253624494,0.1173045133614373,0.0928873187036112,0.1181248974051081,0.0981949126185921,0.1006543900983093,0.1406996427103219
195,195.0,0.0882469325223908,0.1126512355729836,0.070390870452681,0.0612274441221526,0.1147438934474228,0.0943262845441045,0.1191199387772119,0.0962878241270092,0.1014586941553956,0.1415468822786476
196,196.0,0.0879610249124341,0.1148448397107564,0.0718189841458005,0.0657088584852159,0.1125756666158063,0.094115617387497,0.1148238439123791,0.0986115469653838,0.1021735340014642,0.1373660838632623
197,197.0,0.0886642726797775,0.1149959817096915,0.0677497719082992,0.0662884448984185,0.1128041405425,0.0954244422994235,0.1150552024537737,0.0991055089959086,0.1037039747337269,0.1362082597784802
198,198.0,0.0861605938119301,0.1230160206073249,0.0637099831754651,0.0659420569879724,0.1072362567662591,0.097777004724825,0.1091884194159945,0.1003411424155117,0.110022697129903,0.1366058249648137
199,199.0,0.0871640196295295,0.1195684842305297,0.0669336886521758,0.0648730262061784,0.1034321047963715,0.0941923208669629,0.1102229362590962,0.102061435445042,0.1057511056843777,0.1458008782297358
200,200.0,0.0858261572932262,0.1139594142206438,0.0709753596364648,0.0742418489204026,0.1011604387764469,0.0924380820456175,0.1090414415891247,0.099881392523349,0.1070392932291454,0.1454365717655785
201,201.0,0.0829655495935827,0.1173411882538265,0.0695062513248899,0.0767296490263298,0.1004850117336254,0.0891366162619124,0.1040762598193911,0.1019301834242133,0.1082715494456876,0.1495577411165407
202,202.0,0.0826799994719527,0.1144201806779878,0.0752114137733552,0.0770459356654695,0.0965782420674325,0.0908346002529567,0.1026897942583101,0.1025942871287467,0.1075141125473703,0.1504314341564181
203,203.0,0.0828514876377235,0.1208901829960588,0.0748633106475233,0.0762601088194584,0.0914523595652904,0.0959858406596577,0.0966055845037155,0.1031204027481638,0.1067783440029563,0.1511923784194516
204,204.0,0.0908696352913982,0.1210889339426427,0.0734532195770273,0.0764589439125216,0.0868721318115267,0.0985481298473979,0.0961066535319823,0.1028534447720421,0.0994806243519606,0.1542682829615
205,205.0,0.0897436129644135,0.1184770141823317,0.0753294221460723,0.0762063111386433,0.086717170999968,0.0978463625975742,0.0943427035490573,0.1020619630625331,0.1001738887643045,0.1591015505951014
206,206.0,0.0920421047554517,0.1182980866353629,0.0770936294141041,0.0770848337046851,0.0861740830250369,0.0987868178536953,0.0884069068329112,0.1012439659997678,0.0997566578291708,0.1611129139498136
207,207.0,0.0908160736202505,0.1139724450728388,0.0763679519645697,0.0785694043490062,0.08703708074763,0.1006908433836319,0.0902200993288688,0.1038721867325327,0.0999255835230612,0.1585283312776095
208,208.0,0.0901703389727072,0.1176184299491568,0.0791171408446873,0.0803953023195938,0.0849622592611021,0.0992554328674544,0.0875844124992706,0.1053754158575711,0.0963062251428581,0.1592150422855979
209,209.0,0.0876716430634977,0.1162506207507574,0.0848135968043126,0.0777619093955472,0.0869810555778232,0.0990766606847387,0.0882126766117153,0.1017803670543402,0.1001945634160694,0.1572569066411976
210,210.0,0.098022504117962,0.1139621701279508,0.0858350280758276,0.0831460730314997,0.0882939699104628,0.0955427473718712,0.0880864153818279,0.0968686824116088,0.0970829469249414,0.1531594626460471
211,211.0,0.0990220377375995,0.1121445251418993,0.0906668057856299,0.0815593270738963,0.0965787757850679,0.0943857726250962,0.0845455446410755,0.0898742530394228,0.0960922557078592,0.1551307024624528
212,212.0,0.0982063475716336,0.1137382906413074,0.0893919491911443,0.0795120103365115,0.0963125453488922,0.0972611901523316,0.0824832746267829,0.0871558864200375,0.1006208068162594,0.1553176988950988
213,213.0,0.0994745231621743,0.1123529949477726,0.0863841234816538,0.0808277737019383,0.0968656927865546,0.0992657758441609,0.0809339968852665,0.0907116841594512,0.1005084527798815,0.1526749822511455
214,214.0,0.1053659690857504,0.1176291445923905,0.0814859943623866,0.0805214522572494,0.1031942820434253,0.0975371886559637,0.0767670559576666,0.0881816471896218,0.0991126853722134,0.1502045804833315
215,215.0,0.1072785344264282,0.1128128477411215,0.0765628182114222,0.0847997227031832,0.1018967936499226,0.1085217013549301,0.0741297701530038,0.0833338604105466,0.098618593512479,0.1520453578369623
216,216.0,0.1019618816323552,0.1153682948156708,0.0764789480519134,0.0854390296323403,0.1014145765190957,0.1147025271156407,0.078558184401157,0.0813143385867352,0.0943296224903139,0.1504325967547771
217,217.0,0.0953532044438339,0.1257088977544019,0.0774378788463632,0.0805207512096145,0.0976514799909293,0.1218241511424563,0.0788110029032,0.0824580852770529,0.0917510139674512,0.1484835344646964
218,218.0,0.0887518629297263,0.1261585237348303,0.0760119935597992,0.0884626866518118,0.1011728277181032,0.1229253449331374,0.0818184651094143,0.0790768860943684,0.0895584360303301,0.1460629732384784
219,219.0,0.0822231369377323,0.1293819345923873,0.0735347232026069,0.0871205187280188,0.0984943229181726,0.1241309887278274,0.078236090621021,0.0790609281878848,0.1024080953328047,0.1454092607515437
220,220.0,0.0828271397456127,0.1304561539027242,0.0720984292329457,0.0930317867731325,0.0976038706165288,0.1250759339217344,0.0758114028968152,0.0730726087569278,0.10422557651963,0.1457970976339482
221,221.0,0.0843461609305693,0.1302927528336339,0.0697992375303906,0.0922638630471475,0.0994212735398457,0.1293162066126,0.0792236331335453,0.0672523951814972,0.1029183139962545,0.1451661631945155
222,222.0,0.0841703784942694,0.129050715486839,0.0651464133396442,0.0892869146872851,0.1050490359761845,0.1291223561297585,0.0785126027049989,0.0616416790117947,0.1116337705118943,0.1463861336573308
223,223.0,0.0814015829090344,0.1263752649244676,0.0606074074345761,0.0899484653333685,0.1044655740229277,0.1309795584805601,0.0796331721224387,0.0638224040301473,0.1140697513026592,0.14869681943982
224,224.0,0.0893818360500051,0.1262136106011818,0.0599508679233366,0.0859111800355692,0.1063640166737698,0.1299839162300156,0.0785802974059562,0.0671794462411741,0.1102439626796896,0.1461908661593014
225,225.0,0.0909372855953195,0.1196558742382929,0.0602421675937283,0.0804580705084813,0.1108250188579085,0.1370046192742114,0.0773067338026701,0.0664323826191508,0.1097875596907715,0.1473502878194652
226,226.0,0.0917035847303132,0.1189402937170335,0.064355075487909,0.0793137365487825,0.1089749105784894,0.1367712982218818,0.0786923449904961,0.0724117389446086,0.1060312052429241,0.1428058115375613
227,227.0,0.0937089164197692,0.1212099524652667,0.0647196431827046,0.0761614927131324,0.1153875242184079,0.1313038013717609,0.076969894816735,0.0735164318568145,0.1073193205918627,0.1397030223635457
228,228.0,0.0930848590303611,0.1183590934854218,0.0716141351671833,0.0729672654555866,0.1144210793541109,0.1335758068259622,0.0789121642081683,0.073412295760577,0.1080286982027743,0.1356246025098541
229,229.0,0.0897129895226827,0.1211465086749698,0.0779960959912471,0.0752047704911176,0.1069764547900287,0.1344044722251046,0.0831137287659758,0.0718244876388354,0.1073934440932994,0.1322270478067383
230,230.0,0.0861159778715313,0.1219263780346039,0.0795831520361185,0.0729226252907221,0.1094502912269668,0.1356823913072552,0.0854179134238109,0.0709981756399411,0.1032345187209877,0.1346685764480619
231,231.0,0.0883221142927219,0.1211888803987376,0.0805529565150194,0.0696587837615119,0.1065117173145455,0.1344716353810638,0.0915330183874435,0.0749656024357235,0.0998969884618223,0.13289830305141
232,232.0,0.0887973801802568,0.1229313137243611,0.0779879668060717,0.0677550875344894,0.1052120003325157,0.1318586528490879,0.090864994652982,0.0768505215271452,0.1030380205049583,0.1347040618881312
233,233.0,0.0925260780368174,0.1216508419471132,0.0811378604770109,0.0652370904507021,0.1020558274035262,0.1310333590853642,0.0937412920012969,0.0782141512040701,0.1038818081885504,0.1305216912055482
234,234.0,0.0945646652333558,0.1198701632133864,0.0818357658611886,0.0697912060551307,0.0945584047144836,0.1295839583029064,0.0915583408283144,0.0795743155503066,0.1091051351152289,0.1295580451256979
235,235.0,0.0932703833929453,0.1142964963588944,0.0798637102418965,0.0681240570592878,0.1038798312987777,0.12330915667989,0.0973031516583589,0.0848043818179056,0.1044928078319543,0.1306560236600889
236,236.0,0.0999244826651671,0.1151917255430157,0.0794318641323678,0.0693250702457001,0.1009996363757652,0.1232140111133554,0.0968620696923481,0.0867275919594971,0.1027796498906623,0.1255438983821205
237,237.0,0.1024288095216526,0.111932031648201,0.0788376443492576,0.0675951684464583,0.1004205947046856,0.1197688447136187,0.0987912664489675,0.0866926054665153,0.1071756151558343,0.1263574195448083
238,238.0,0.1003575496304805,0.1060079524820836,0.0783611331763559,0.0750928429808248,0.1016851675036195,0.1211315463752688,0.099234874278327,0.0841495263150385,0.1088154438224804,0.1251639634355202
239,239.0,0.1053122857652308,0.1005951413021509,0.0801028865982367,0.0780876470959868,0.0996973130415199,0.1209855039108525,0.1058945353093331,0.079176899064217,0.1061632987830286,0.123984489129443
240,240.0,0.1030731374948191,0.0959389555028458,0.0782671855411875,0.0759906237213848,0.095857036478439,0.1187448685716773,0.1085958494577879,0.082695670036828,0.1139229746919363,0.1269136985030938
241,241.0,0.1053178603500641,0.1005315173192252,0.0817552764672632,0.071521920324781,0.0975206079109976,0.1154443801368112,0.1036786439108668,0.0842095479452544,0.1126259241926082,0.1273943214421276
242,242.0,0.1027488349281152,0.0987397307318722,0.0792608223101187,0.085193352364246,0.0944710415458753,0.1159444601840675,0.1010351782700608,0.0831064403088658,0.1099873814474012,0.1295127579093764
243,243.0,0.1072221289585975,0.1022391702760489,0.0770768985122622,0.085574306003707,0.0895010900587745,0.1115210506157335,0.0986555617688456,0.0820123842274614,0.1125486859983176,0.1336487235802512
244,244.0,0.11196314791502,0.0998803220384717,0.08242668783251,0.0858013852019057,0.0869387608180363,0.1102299647122853,0.0975685859616374,0.0769321173493841,0.1140594656255986,0.1341995625451501
245,245.0,0.1157050634838439,0.0946912987055324,0.0806355453250539,0.0896230672333217,0.0800882674793473,0.1137895071280488,0.0953030735416052,0.0718905559856207,0.1233606530522938,0.1349129680653319
246,246.0,0.1140589556838152,0.0941727242840487,0.0789159904286655,0.0898377377046173,0.0827293616618923,0.1146342724229593,0.0943428402952711,0.0767891614053689,0.1213002895292548,0.1332186665841061
247,247.0,0.1112442607864768,0.095763957088745,0.0842238043630306,0.0878200327596009,0.0810403919787353,0.1139971325024981,0.0958725579469091,0.0750536819265716,0.1211940343208902,0.1337901463265418
248,248.0,0.1065640277520102,0.1002070728774309,0.0837989029466977,0.0863073878259731,0.083157458507814,0.1150519068136105,0.1002199504582252,0.0761186624370075,0.1153267074541652,0.1332479229270652
249,249.0,0.1036011848988042,0.1086241110938683,0.0788614213665196,0.0866176992568699,0.0823025859083153,0.1110033648979748,0.1031227646155469,0.082391118019763,0.1071006163683151,0.1363751335740224
250,250.0,0.1004406358752141,0.1092007181509032,0.0790928674946489,0.0846959828321066,0.0865930186041117,0.1090642764960709,0.1008323260147433,0.0859721459186033,0.1102864745080674,0.1338215541055299
251,251.0,0.0980883111704149,0.1098623732294349,0.076853839196585,0.0835755391224524,0.0864960052184417,0.1058486237638837,0.1069445292605282,0.0883443932885846,0.1155816366817609,0.1284047490679131
252,252.0,0.0979554184906152,0.1053491444143251,0.083070648575859,0.0874619541867672,0.0841290039652874,0.0992495429922371,0.1055540430439486,0.0903154219638417,0.1192660990169068,0.1276487233502113
253,253.0,0.0942408924198519,0.100837576442993,0.0827709619391206,0.0852316143983432,0.0947136903023001,0.0933492483227052,0.1086046956883895,0.0873763947432202,0.1246584988071967,0.128216426935879
254,254.0,0.0916962878078867,0.1056561943437795,0.0808296068894753,0.0848890399519751,0.0956019500224974,0.1018636950648256,0.1043025535214132,0.0821663471307945,0.1270449875106498,0.1259493377567026
255,255.0,0.0909563432372694,0.1044137939598216,0.0843840644652166,0.0839781376838309,0.0995135649477855,0.0995821374857282,0.1118062344704928,0.0769556408083035,0.1247025226848914,0.1237075602566596
256,256.0,0.0862506205374916,0.1014769341475518,0.0818079463553379,0.0854170451741254,0.0988418850513731,0.1051235209448581,0.1088422238967364,0.0766247947772097,0.1273509068181094,0.1282641222972063
257,257.0,0.091406893310033,0.1041862849585111,0.0817081189165446,0.0850959738093006,0.0961397626752525,0.1065477779522083,0.1061839090741373,0.0715152739409452,0.1281070359104352,0.1291089694526318
258,258.0,0.0956566309672967,0.1046994324916093,0.0801849801770922,0.0823898592749024,0.0898450584361352,0.1066543688346197,0.1098878888942808,0.0665015524488976,0.1313993809661846,0.132780847508981
259,259.0,0.0990688162379149,0.1008092850902311,0.0812182632257647,0.0815708869695941,0.0889332548724358,0.1070163396615594,0.1093548829096226,0.0616241875815658,0.130977282066517,0.1394268013847941
260,260.0,0.0968449512613515,0.1048895258059984,0.083404512588908,0.0837940455707703,0.0861048289037812,0.1064734917176804,0.1033989645902316,0.065283172807441,0.1315625047750364,0.1382440019788007
261,261.0,0.0972904035773134,0.1077088896301561,0.0812495239422738,0.08421510066084,0.0854730641534719,0.1069971110692893,0.0960169009681565,0.0650110062616528,0.1346179557486466,0.141420043988199
262,262.0,0.0970437996055549,0.1101110301588749,0.0874582790890214,0.0819676733297365,0.0809946336598615,0.1118521717886692,0.0979976112689468,0.0628527768786587,0.1284470694393261,0.1412749547813495
263,263.0,0.0939467076382108,0.1212735402860046,0.0919354983302755,0.0790906198559943,0.0789401503153438,0.1098152753997415,0.0907440115136631,0.0618771167478441,0.1292314733837269,0.1431456065291948
264,264.0,0.0943521562742206,0.1258995203838374,0.0925149675026785,0.0819840900608323,0.0796800871158932,0.1062459003300904,0.0836083316187711,0.0630872659497727,0.130610360055236,0.1420173207086672
265,265.0,0.0944272165937224,0.1294947078590903,0.0946018491285549,0.0799878970798918,0.0832759891381985,0.1098799454525312,0.0766501363971807,0.0650173384422243,0.1277476244974718,0.1389172954111337
266,266.0,0.0941821987569337,0.1312999361158578,0.0981458746088025,0.0747385739792678,0.0878272104446499,0.1102596332972445,0.0699212593337774,0.0662101972050068,0.1267164906767515,0.1406986255817076
267,267.0,0.093811906645826,0.1303947672836461,0.0969755745201795,0.0695667974489135,0.0881898981529266,0.1165741801655902,0.0828215502050083,0.0639916993782302,0.1190042543583939,0.1386693718412849
268,268.0,0.0921504453949387,0.1327416212584662,0.0990696121984395,0.0645165305971055,0.0893831239941105,0.1176092412865622,0.0832279049501428,0.0685773740279029,0.1095354266587655,0.1431887196335657
269,269.0,0.0912569611575044,0.1358437675271029,0.0951053488909714,0.065111515399701,0.0973171628093568,0.1168854551797754,0.0839941442521977,0.0710680968547177,0.1002181274625123,0.1431994204661598
270,270.0,0.0847331682346443,0.135690210015562,0.0892034409545423,0.0647812379336378,0.0983295348525346,0.1173563829294097,0.086924898092262,0.0834285880157335,0.0911303769112592,0.148422162060414
271,271.0,0.0783144229217238,0.1404635057551153,0.0891736864626601,0.0624299987966219,0.1026118360409554,0.1137874029375342,0.0883169483339586,0.0851084518386529,0.091738492942738,0.1480552539700391
272,272.0,0.0720544079108782,0.1442285622733945,0.0832685732009351,0.0633751009060557,0.1053914094979006,0.116463994061631,0.0916605330910697,0.0877807927297376,0.0936637829861523,0.1421128433422447
273,273.0,0.0708237203883918,0.1407117155447038,0.0774212855333732,0.0636607236219944,0.1028997879376844,0.1214964330297407,0.0914452104752203,0.0968817742270241,0.095830814383312,0.1388285348585545
274,274.0,0.0716347099839641,0.1357339434572635,0.0753128690608992,0.0618566816756716,0.1056897015813204,0.1232984874168221,0.0896056180721456,0.1003371351105741,0.0946742092481217,0.1418566443932171
275,275.0,0.0700268916764074,0.1281411406494162,0.0798969805966725,0.0607054510928034,0.1109309503875136,0.1207288873962068,0.0894543329324078,0.1044976677512161,0.095736519602073,0.1398811779152827
276,276.0,0.0645074657523555,0.1272493637592524,0.0809074428271332,0.060180082107021,0.1135023346516162,0.1249401893372897,0.0943641046487616,0.1042890711538259,0.0949604451467983,0.1350995006159456
277,277.0,0.0666277334994433,0.1309149798600469,0.0778271998622429,0.0614007596261995,0.1126442935032111,0.1241480702983997,0.0936660799559687,0.1088381555578445,0.0946944975132573,0.1292382303233856
278,278.0,0.0698756848624987,0.1369053272749917,0.0754452888937055,0.0620093830273894,0.1079327872413894,0.1230786450441767,0.0916066350634917,0.1102944798304177,0.0953094183475524,0.1275423504143864
279,279.0,0.0728159988551487,0.1391852782449466,0.074226114503731,0.0607126473333432,0.1042387788555328,0.1213574914840695,0.0885236792804035,0.1142280405171914,0.0935648144604453,0.1311471564651874
280,280.0,0.0693247215086149,0.1411896206717607,0.0718468810387499,0.0569835520239802,0.1082364211315999,0.1204475042345904,0.0883971156028825,0.1141427469937986,0.0948276962130533,0.134603740580969
281,281.0,0.0676079175054648,0.1395390438156363,0.0773905615502826,0.0533575307253137,0.1064330146663936,0.1239267655154403,0.0881694068136377,0.114167576950248,0.09325233719215,0.1361558452654325
282,282.0,0.0658547841383326,0.1385664354289683,0.0744216410553749,0.0498605362492607,0.1067142376627004,0.1224126568286972,0.0913561571274034,0.1108901122256112,0.1002248002403035,0.1396986390433472
283,283.0,0.0714795442501561,0.1423142423299773,0.0748036350615293,0.0504452042557229,0.1074904423775878,0.119559632347177,0.088713394223498,0.1070980717260384,0.0973507287130314,0.1407451047152814
284,284.0,0.074967420090423,0.1414172298197991,0.0746080738752338,0.0472294418613194,0.1103570110979407,0.112336261192355,0.0883302302054262,0.1119646423127641,0.1034347451373688,0.1353549444073692
285,285.0,0.075783364294325,0.1412072748071766,0.0798761407693724,0.0441629612877431,0.1103730252403325,0.1136971779945288,0.0823093820972005,0.1141079209319359,0.1049097497523881,0.1335730028249965
286,286.0,0.0712103739574702,0.1381814715242892,0.0852176003428219,0.0530082234461224,0.1085545379270571,0.111239626359566,0.0813372929466035,0.1167697586237126,0.1040671446516852,0.1304139702206714
287,287.0,0.0829619208612963,0.1296664645299821,0.0893386240691905,0.0512075138217394,0.1036084973313724,0.108845672627614,0.0890423668994082,0.1197476832852046,0.0991696415803635,0.1264116149938285
288,288.0,0.0852846984841981,0.1358760839162491,0.0876981472581124,0.0539945423530306,0.1044764109570599,0.1089780910272155,0.089238489151747,0.1184999847237321,0.0955075574189987,0.1204459947096561
289,289.0,0.0849437984188252,0.1338597972480875,0.0917557032861256,0.0589907935950602,0.1019012008231506,0.1060967072301585,0.0875952741145258,0.116411957035824,0.0963844696448903,0.1220602986033517
290,290.0,0.0923540736289743,0.1277657258004622,0.0897737522504344,0.0608844526168519,0.1008310325091976,0.1060671343191515,0.0873064440214204,0.1141314729409036,0.0969193603123443,0.1239665516002591
291,291.0,0.0938642529333697,0.1250782840386798,0.0890376492414719,0.0630792521952724,0.0975018932904711,0.1084040696702446,0.0847778477367673,0.117946626932057,0.0943741548986657,0.1259359690629997
292,292.0,0.0924429326587523,0.1302560819639639,0.0876010625726827,0.0662653612400885,0.0930391364572474,0.1078160869486394,0.0891654909549825,0.1148140647698917,0.0905690646135568,0.1280307178201942
293,293.0,0.0933711127140531,0.1326149794063967,0.0916534358675776,0.065265502544994,0.0944219089622078,0.1044013386302497,0.0872330095793128,0.111257674504446,0.0938032555599847,0.1259777822307769
294,294.0,0.0964270630070831,0.1294558646374441,0.0968795246899617,0.0652315917326312,0.0910392284654252,0.0984383593735109,0.0841458892129937,0.1146373189989825,0.0937871527397239,0.1299580071422431
295,295.0,0.0909913634121694,0.1266759852706255,0.0961626763497002,0.0656218731121959,0.0931120710549611,0.1053085474729797,0.082479419593634,0.115605524497298,0.0890583984966973,0.1349841407397382
296,296.0,0.0914633978923321,0.1241314182574302,0.0992065857256963,0.0670702600363916,0.0901599829759521,0.1030543251851658,0.0904509497007598,0.1134015611051696,0.0858233883436458,0.1352381307774559
297,297.0,0.0911563941631606,0.1215592922621991,0.0979459418261128,0.0639242525835213,0.0992285491125896,0.1054197308586004,0.0914003526292279,0.114982846741775,0.079240836389721,0.1351418034330915
298,298.0,0.0855350045921673,0.1226157456070274,0.0979896507558515,0.0698106721252934,0.1010621407543618,0.1015096944656874,0.0898796091135259,0.1118471121253739,0.089428757355141,0.1303216131055698
299,299.0,0.0799204039323517,0.1179181142607388,0.0967729793720615,0.0699300589462213,0.1035293068554009,0.0964339860692716,0.090931910305738,0.1068224475407797,0.0958695310099817,0.141871261707454
300,300.0,0.0825384235946172,0.1180315500780279,0.0906868379874097,0.0747746007239855,0.103239169572956,0.098406421571125,0.0872063913166017,0.1053082011864333,0.0969311428958834,0.1428772610729597
301,301.0,0.0853376868507503,0.1123223662347381,0.0846024423613489,0.0786405236174176,0.1062372027571025,0.1004983783170957,0.0945965468170353,0.1006877286848668,0.090509854719007,0.1465672696406371
302,302.0,0.0894335223521213,0.1108766116204401,0.0785804618742807,0.0811002231638764,0.1077245733605933,0.1035135468100733,0.0979487267083777,0.0975196518298636,0.0841255968126281,0.1491770854677449
303,303.0,0.0989634974778205,0.1111852318537462,0.0726748748171765,0.0842131733567646,0.1079976805337319,0.1025786617856495,0.1000082318484033,0.0991912696342477,0.0778385087287609,0.1453488699636982
304,304.0,0.0978697260024208,0.1078359668489564,0.0707225457590983,0.087045468898507,0.1047605604663978,0.1035559615714144,0.1050945749838068,0.0979191342495711,0.0838279780987524,0.1413680831210745
305,305.0,0.1002195160261254,0.1055228192559204,0.0703916934461661,0.0956188280685978,0.1061778920472565,0.0981580335249572,0.1071805302666265,0.0919584458829728,0.0812079673668867,0.1435642741144899
306,306.0,0.0985809597253761,0.1083704083698831,0.0676911688819066,0.0967855345535127,0.1041066713022604,0.0963079940375581,0.107367775143667,0.0879585002265496,0.0870717305183014,0.1457592572409843
307,307.0,0.098860104980614,0.1082529652846501,0.0689986717119894,0.0967193787959472,0.1083581962768632,0.0983847045568367,0.1050024216443873,0.0830283615807517,0.0837128131599485,0.1486823820080111
308,308.0,0.0972424197810273,0.1105596207357538,0.066035488897476,0.0982288248225203,0.1111441120079289,0.0982435112544949,0.1042604253924897,0.0786294130184505,0.0830675401024218,0.1525886439874359
309,309.0,0.0932092390151738,0.1118863338336536,0.0610667494676795,0.1031533730093947,0.1182644382819771,0.0996423516838682,0.1048338413822023,0.0780563631714313,0.0828292691549721,0.1470580409996466
310,310.0,0.0945321349106441,0.1090184875473934,0.0562842164861858,0.1071785610562307,0.1189039425399892,0.1019048519825152,0.1008569284993519,0.0767135293231412,0.0810612885425798,0.1535460591119679
311,311.0,0.0948415391631753,0.1160460319466684,0.0517170946379796,0.1059795643794283,0.1189914571820519,0.1037501572819813,0.0988293269525591,0.0788023372561735,0.0783940027343959,0.152648488465586
312,312.0,0.0974028854003988,0.1183445279669125,0.0542342560519381,0.1039244787310806,0.1162139657063777,0.1045954371320323,0.0951782954796326,0.0753469024854013,0.0830421585514711,0.1517170924947543
313,313.0,0.0925208548638023,0.1171210818799575,0.0541074144227152,0.104973819857955,0.1208027346068288,0.100681035070026,0.0964990472624029,0.0825725703380437,0.0826969283844411,0.1480245133138266
314,314.0,0.0895391568341773,0.1161350449644963,0.0526207086373827,0.109771247720295,0.1194032054129865,0.1011167598630729,0.0975854483996725,0.0835151643176125,0.0830879850240928,0.1472252788262108
315,315.0,0.0862371986490213,0.1230753750723245,0.0523978976640974,0.1082400101216068,0.11884259916997,0.1012676838259662,0.0981944188179281,0.087710456862887,0.0815486106422555,0.1424857491739426
316,316.0,0.0876032547236123,0.1216402320174619,0.0525368179834297,0.1099628053284949,0.1143494499282184,0.1043555212253885,0.0987340510417459,0.0879413351072689,0.0871662391344425,0.1357102935099363
317,317.0,0.0860390853496044,0.1201774281820059,0.056791268805667,0.1096799374776271,0.112445819606864,0.1089785914736848,0.0995890527971259,0.0875966475420215,0.0874443081785781,0.1312578605868205
318,318.0,0.0847139065095921,0.1200118245532626,0.0552203205974762,0.1053853886099737,0.1108054121555063,0.1126220127572517,0.096393506916048,0.0951043898012584,0.087447457805787,0.1322957802938434
319,319.0,0.087704223003471,0.1191229354214445,0.0546371102189565,0.1016280828350062,0.1094981799689382,0.117851582773871,0.0961417183682526,0.0968737040079753,0.0886536233313435,0.1278888400707406
320,320.0,0.0852014806678171,0.1234001905489184,0.051395017991105,0.1004802861122792,0.1086802185529437,0.1166164859683121,0.1002682542670079,0.0958317911057753,0.0865652629443087,0.1315610118415321
321,321.0,0.0844426359734749,0.123573294929195,0.0547593777105303,0.095817276274653,0.1067263376490596,0.1188090815090724,0.0992755317076543,0.0940544351506769,0.0876889694137153,0.1348530596819676
322,322.0,0.083566677681895,0.1229844172211445,0.0583980503125891,0.0933975204857968,0.1040602054541541,0.1191775658235934,0.0992539077518326,0.0915934442510026,0.0882365103292822,0.1393317006887091
323,323.0,0.0833495788304258,0.1235955937638224,0.0613320615585269,0.0901271195083036,0.0996963607714848,0.1188002422418905,0.0953646735085114,0.0923183300654313,0.0919896998568681,0.1434263398947348
324,324.0,0.0861546983057497,0.1205313684865673,0.0617475698698712,0.0977833719739135,0.1042040251562733,0.1158972234523805,0.0885745894909612,0.0942300391089914,0.0906846370773141,0.1401924770779771
325,325.0,0.0874230589691243,0.1258954569155854,0.0611888984145948,0.0957574952636298,0.1027786405049346,0.1175164671419425,0.0818777679802565,0.0921962029840952,0.0874618645939936,0.1479041472318427
326,326.0,0.0957405886572769,0.1248025216063196,0.0581187073616611,0.0920129520445264,0.0969733752710328,0.1189586084702329,0.0844667363016276,0.0918877388578333,0.0903853548747918,0.1466534165546971
327,327.0,0.0919420474212336,0.1232906522499281,0.0653619920728315,0.0883807045456599,0.1029910642537495,0.1141923767837532,0.0802129710615119,0.0986315611822968,0.0933152360722964,0.1416813943567386
328,328.0,0.0860521639627454,0.1237152960168008,0.0705947601918288,0.0949115715210935,0.1030718524348366,0.108009871883854,0.0739184479222382,0.0996124785738587,0.093257161142624,0.1468563963501195
329,329.0,0.0869585546540235,0.1234013889906102,0.0723266656311606,0.0951322606026489,0.1044716304352435,0.1086613052265209,0.0678141926176696,0.1038192103972613,0.0920554685558665,0.1453593228889944
330,330.0,0.086341860206254,0.1218910162348363,0.0746338828877765,0.0943976049995104,0.1065921661912095,0.1063252382776077,0.067170387093192,0.1025346050469724,0.0940741463765626,0.1460390926860781
331,331.0,0.083414375277648,0.1310390355770064,0.0740190291715382,0.0899436735147519,0.1039456878275594,0.1090442435411338,0.0686694937423838,0.0987281225200503,0.0971316341690664,0.1440647046588613
332,332.0,0.0816024943475058,0.1336719644896595,0.076674397815778,0.0898671000502527,0.1053544278781442,0.1118856655922639,0.065127717315083,0.1014306869992015,0.0959045405178399,0.1384810049942708
333,333.0,0.0758884675642712,0.1363013501030953,0.0796046047995107,0.0975364347419281,0.102813276009425,0.1107927198603931,0.0628610426045507,0.0948249671543048,0.1039186766570785,0.135458460505442
334,334.0,0.0702869587837172,0.1362868096777086,0.081514865377935,0.0952195546350304,0.1012832730448628,0.1055630048605734,0.0684890341295982,0.1060808147235393,0.1015970450629105,0.1336786397041241
335,335.0,0.0648427312933815,0.1389299175461142,0.081991733745397,0.0919015069998797,0.0982723123263307,0.1031560686169434,0.0726184592359797,0.1064041844759885,0.1061501394191678,0.1357329463408167
336,336.0,0.0646980630240721,0.13302066023612,0.0857684384136833,0.0954128312247624,0.1036704249720664,0.0968537678021624,0.0737612978256613,0.1040378519114402,0.1054288057594405,0.1373478588305908
337,337.0,0.063227974745913,0.1300277854349608,0.0863852843870622,0.0922409860088916,0.1037513378936002,0.1001485706956012,0.0730042449133459,0.1094280184150293,0.1062965598582094,0.1354892376473859
338,338.0,0.0683908915751417,0.1302719553258835,0.085862168221665,0.0925186523635338,0.1051230983964577,0.0994380072275561,0.0700734378749232,0.1125265135172091,0.1024540439116006,0.1333412315860287
339,339.0,0.067716813103636,0.1286680916673871,0.0896391943114201,0.094090584339208,0.1020756368923025,0.0987730186667282,0.0735991713205416,0.1107480373124204,0.1006145862212045,0.134074866165151
340,340.0,0.0691354681376257,0.1284257203018828,0.0882323108963672,0.0921586261911472,0.1054955515862561,0.0925250901730259,0.0787581851545213,0.1102776580794214,0.1020050398494765,0.1329863496302752
341,341.0,0.0715237398698988,0.1278351900795338,0.0875511447457039,0.0914801736504541,0.1073159595464695,0.0926840704691382,0.0799517883538476,0.1065052857044256,0.1009629348092104,0.1341897127713173
342,342.0,0.0730384558513995,0.1257023901534492,0.0904217286526659,0.093219713166271,0.1017356474160083,0.0939018836365955,0.0818302518841588,0.1028626094876398,0.1069708324331023,0.1303164873187091
343,343.0,0.0727692870269819,0.130304986368107,0.0909597927003061,0.0928852661931872,0.1028447638398068,0.0928893933187481,0.0818652405868615,0.0984016264451032,0.1064614247236677,0.1306182187972299
344,344.0,0.0719318491781534,0.1296349715725169,0.091730909475158,0.0912556983109217,0.0983054587149293,0.0962653471094325,0.0824188316840704,0.0944485946886378,0.1091552437829492,0.13485309548323
345,345.0,0.0785447182530755,0.1288792308010312,0.0899440069187031,0.0928822572029143,0.0974856992548549,0.0942537512413746,0.0797446179576111,0.089529309101644,0.1103484920745719,0.1383879171942188
346,346.0,0.0762458878998224,0.1288749310321366,0.086790042596229,0.0892671330717829,0.1000859136398288,0.0977467135971343,0.0809819700847571,0.0926441225356124,0.1095970837807262,0.1377662017619697
347,347.0,0.0781457927740612,0.1273568051232593,0.0860814554357468,0.0894083237575548,0.094186294491817,0.1068145550533229,0.0830808662203869,0.0882382999667281,0.1115269645807503,0.1351606425963721
348,348.0,0.0757139450706427,0.1274760116905899,0.0839777395498966,0.0952586600729503,0.0870037698078354,0.107986335265663,0.0852158121957427,0.0876008237280367,0.1124825190790619,0.1372843835395801
349,349.0,0.0774523497807036,0.1256916222659151,0.0842103772456841,0.1001196059056002,0.0851420633002178,0.1029112612100625,0.0860976913838109,0.0890782366686996,0.1137383440061359,0.1355584482331697
350,350.0,0.0780713586071688,0.1238981384308399,0.0808062683275131,0.0990195012171402,0.0897040889424245,0.1010931298139142,0.0853185103332807,0.0895318118007254,0.1180159515910858,0.1345412409359068
351,351.0,0.0879784340124295,0.1212360818989451,0.0754866470422653,0.0951098871805619,0.085768401064656,0.1075674170489945,0.0862151565020993,0.0856615198654797,0.1175561514358927,0.1374203039486754
352,352.0,0.0880640634526884,0.1300478128951162,0.0771856824230323,0.0915312198725765,0.0895110591256056,0.1075224165267492,0.0839690074776665,0.08586222243279,0.1111199063857723,0.1351866094080024
353,353.0,0.0859855765873514,0.1336435866613117,0.080655800078487,0.0851393505437507,0.0892731027187321,0.1104302449009014,0.0883323944643975,0.0823673180341275,0.1033197751988468,0.1408528508120933
354,354.0,0.0859348537596499,0.134369538368776,0.081088305210081,0.0914581797147616,0.0858210858988992,0.1103274266620989,0.0883498390461907,0.0783356891499449,0.1013041435024398,0.1430109386871576
355,355.0,0.0832427338249051,0.1314582920295057,0.0844156126291522,0.0899390114026653,0.0835895004106946,0.1153393381435533,0.0905374001354388,0.0810709762112129,0.0983120660696823,0.1420950691431892
356,356.0,0.078233286885982,0.1288364135432919,0.0813365489298971,0.0918820175203664,0.0806513747177371,0.1197500913445094,0.0916801736732108,0.083029298996948,0.1031097765083355,0.1414910178797213
357,357.0,0.0732424517720914,0.1232041513107831,0.0903244887479223,0.0884661408738848,0.0848906546192481,0.1153372794680268,0.0900528455692159,0.0851254205029852,0.104320709753607,0.1450358573822349
358,358.0,0.068318275651869,0.1215502673075885,0.0909467831355352,0.0907225154569911,0.0870170114032711,0.1157555860293059,0.0887016609142035,0.0812865651979809,0.1057402324432705,0.1499611024599836
359,359.0,0.0691232737630413,0.121114911943541,0.087563896714755,0.0910193265710975,0.0895244842277691,0.1160341312952729,0.0896014022403871,0.0754469413095075,0.1086147079050001,0.1519569240296279
360,360.0,0.0670646256346394,0.1191402047408457,0.0821665440040964,0.0884435693698641,0.0858326950177678,0.1169585595378191,0.0893454579625647,0.0837334770710327,0.1122195948383428,0.1550952718230266
361,361.0,0.071821478738015,0.1273876139046098,0.0767872611244627,0.0860419979828222,0.087311356563071,0.1163699945522226,0.0874746808866476,0.0866962322073051,0.1121284803890359,0.1479809036518075
362,362.0,0.0740268901114954,0.127543565731465,0.0714780339215478,0.0799434677053721,0.0905120042441564,0.1209290089542075,0.0897979253515757,0.0867681862738582,0.1162412264413539,0.1427596912649674
363,363.0,0.0793892933933808,0.1294196251581927,0.0662849490997088,0.0852529706027829,0.0899503372783797,0.1215797123296177,0.0855138746292711,0.0831321588426354,0.1206778684314187,0.1387992102346113
364,364.0,0.0778532697356646,0.1355634231217446,0.0665495462828928,0.0808093118839736,0.0927850722356501,0.1169457752260377,0.0913420725480134,0.0815464265795262,0.1178918706353337,0.1387132317511626
365,365.0,0.0732356797791685,0.136758723297031,0.0640367996490409,0.0888205228140624,0.0908653748081653,0.1201971296218395,0.0899033993631989,0.0784205503092714,0.1222030531790884,0.135558767179133
366,366.0,0.0686474920205304,0.1314306675924984,0.0726105601956945,0.0899131466263989,0.0976209713838907,0.1215104301580848,0.0893266708541215,0.0769011663465003,0.1193092600950876,0.1327296347271924
367,367.0,0.0641316481175507,0.129043316818967,0.0743026884782884,0.0916674022395385,0.1006843620865437,0.1251313323946788,0.0860710240277159,0.0795171528563054,0.1176802160371273,0.1317708569432836
368,368.0,0.0597260721236936,0.1251873522531916,0.073321691365022,0.090689161214425,0.1007657937872434,0.127932506002067,0.087364660138209,0.0829930219616149,0.1194794877713363,0.1325402533831966
369,369.0,0.0688190023096084,0.1239008697984617,0.07098521998152,0.0906632176349421,0.0984032920327163,0.1286217620106803,0.0857993044453224,0.0848744893944637,0.1161810680923141,0.1317517742999703
370,370.0,0.0671442801887735,0.1280434070299121,0.0664001834725081,0.0875773955459117,0.0988905162762691,0.1263909203860566,0.0907524499192345,0.0892476418651225,0.1119812355595548,0.1335719697566563
371,371.0,0.0699811917434891,0.1265304328367088,0.0619096487796722,0.0908860248256492,0.101253387174462,0.1252954099629703,0.0866169810895806,0.0929339156867695,0.1101228148373157,0.1344701930633819
372,372.0,0.0703441318772837,0.1309559221610207,0.0575490710683233,0.0904963335464655,0.1042291557846761,0.1319357916075569,0.0838808942555893,0.094624523930108,0.1018071984879994,0.1341769772809766
373,373.0,0.0737606013612297,0.1330749177944222,0.0624211588805371,0.0867468812835789,0.1011810591071421,0.1302180127547432,0.0834022985417359,0.0965642970848595,0.0992751333281793,0.1333556398635713
374,374.0,0.0710298396653678,0.1342548796486913,0.0656815306778852,0.0808295291558872,0.1025368568716961,0.1304154927622636,0.0823595932971907,0.1036056705906862,0.0969448504836889,0.1323417568466423
375,375.0,0.0668693696758593,0.1321678547677029,0.0668449362399256,0.0797130635490937,0.1077391935746295,0.1373339155129599,0.0816815716816097,0.102121035163473,0.0959602297204552,0.1295688301142907
376,376.0,0.0627562529885431,0.1289198049847956,0.0673003566437106,0.0739654119277695,0.1140848385029728,0.1472979628081665,0.07970646780361,0.0992295936692138,0.1000761053417666,0.126663205329451
377,377.0,0.0667378593966712,0.1292441209253428,0.0747589995257564,0.0745151590082216,0.1120588082330017,0.1433262022600727,0.0805916623040626,0.0967606158890973,0.1004800929110299,0.1215264795467431
378,378.0,0.0644452998565441,0.1287372543695585,0.073621087179104,0.0729883038749298,0.1102707230964913,0.1462798370823227,0.0816102007184454,0.1008012121942694,0.1011329427562754,0.1201131388720589
379,379.0,0.0605064184091479,0.1279455966124652,0.0785231378194455,0.0740895504175768,0.1086477458535121,0.1362918735811512,0.0850486800660002,0.1040894017111491,0.1014368546918437,0.1234207408377077
380,380.0,0.0566563609223998,0.1344159611270684,0.0778697023902487,0.0688096453088558,0.1031883582673503,0.1423050123020759,0.0830896559056816,0.1066412303149156,0.0981089608360654,0.1289151126253379
381,381.0,0.0624964922179699,0.1376025035118512,0.0766302594227331,0.0715010633293552,0.1020897690953383,0.138288350579862,0.0884206564566482,0.102011584490083,0.0939411420547085,0.1270181788414499
382,382.0,0.0644933257785545,0.1352176707511868,0.0787652541345685,0.0681270733151523,0.103132299965025,0.143015148197321,0.0864821910345246,0.1044609048428319,0.0865687265075853,0.1297374054732495
383,383.0,0.0664696949764983,0.1304224656127211,0.0826462113004903,0.0707240564834464,0.10554053114144,0.1376460362168999,0.0887916570498884,0.1018594577626741,0.0897734886045635,0.1261264008513775
384,384.0,0.0650856159418665,0.1319856749879626,0.0809770102984369,0.0741192433467658,0.1052948743214994,0.1344352504768728,0.0941026162119418,0.0984778908695489,0.0924095314944573,0.1231122920506476
385,385.0,0.0722851814348743,0.1356814985765203,0.0806668034678817,0.0715868130054975,0.1032756064798264,0.1296053941575166,0.0934104696499133,0.0966808215173187,0.0935472199912464,0.1232601917194042
386,386.0,0.0727307081104591,0.1328261662848443,0.0843391240752936,0.0770205141631738,0.0993523441199362,0.1328070457292454,0.0899757478752841,0.094799757408531,0.094143778005929,0.1220048142273029
387,387.0,0.072654566286115,0.1287743913088536,0.0797103724344423,0.0763699030855134,0.1011994362168364,0.1316487992964207,0.0898853776008681,0.0939074236925752,0.0954145514252579,0.130435178653117
388,388.0,0.0688446830964776,0.1331934144270677,0.0750473922333317,0.0750672323672622,0.1034774561043249,0.12664357338024,0.0930560048538948,0.0951429474333667,0.0916418282848973,0.1378854678191366
389,389.0,0.0650273413948392,0.1289268780708676,0.076455807965498,0.0703715316320267,0.1078469374756305,0.1251563688811744,0.0949576295995596,0.0996475584760323,0.0933423974567994,0.1382675490475719
390,390.0,0.0612414604494162,0.1371039692919426,0.0791476274703689,0.0657416856539944,0.104197833199478,0.1258066898274009,0.0930744203149825,0.0997366655003636,0.0953595944704947,0.1385900538215577
391,391.0,0.0575217529940414,0.1344539669648611,0.0770189174512581,0.0612174074172253,0.1027305546354122,0.1282205692871733,0.0955664093376706,0.1051147137686205,0.0922283028089565,0.1459274053347806
392,392.0,0.0538987987542637,0.1378188666249492,0.0779993617472529,0.056833382929961,0.0999330975744542,0.1278255010994703,0.0934272450475624,0.0999399518818718,0.1059294197839659,0.1463943745562482
393,393.0,0.0615032351205485,0.131776081683586,0.0825187042226301,0.0526194270621234,0.1035335360601751,0.1265030188099248,0.0874094642990923,0.0931286015605701,0.1061270131648469,0.1548809180165024
394,394.0,0.0611565093414214,0.1267995102246946,0.0827786801045008,0.0591671897549091,0.1085079007582901,0.1263884722327637,0.0814193669824783,0.0863671002557929,0.1083413955018675,0.1590738748432812
395,395.0,0.0648539274540863,0.1245168083081842,0.08027930369249,0.0589451350881998,0.1110245022732427,0.1278095586385718,0.0809965674452944,0.0876372183376816,0.1047935296010461,0.1591434491612028
396,396.0,0.0675748212861716,0.1247711272805841,0.0801850057047884,0.0617559677885899,0.105036269524058,0.1273014921076827,0.0785656845112459,0.0888625849550426,0.1054341201727571,0.1605129266690793
397,397.0,0.070460715317817,0.1230265452285963,0.0753438717792871,0.0610215150381798,0.1071318834446606,0.1248208098002816,0.0810065306742779,0.0885512728821339,0.1052455427918969,0.1633913130428685
398,398.0,0.0807786865655041,0.1312707485982357,0.070533412528543,0.0656053683922914,0.1065252081265763,0.1193346922846686,0.0786233735579826,0.0864068597632016,0.1002902235279476,0.1606314266550487
399,399.0,0.083791729914001,0.1341622990404109,0.065798665077588,0.0657208914902958,0.1060992850573109,0.1247654835815702,0.0809492330176844,0.0887582734257863,0.0931993462756369,0.1567547931197153
400,400.0,0.0871122487904323,0.1350008317604975,0.0710395865608555,0.0664448922705923,0.1081663652901749,0.118333178442146,0.0785067256472156,0.0841336451578665,0.1019618526296456,0.1493006734505733
401,401.0,0.0909777350307421,0.1333798357509327,0.0739874208645283,0.0627879717141922,0.1072882082898377,0.1170420471692171,0.0759203167395734,0.0924761074833048,0.0967257562964014,0.14941460066127
402,402.0,0.0912870364490503,0.1264186724322673,0.0760800667055379,0.0654716488060429,0.1093809940513934,0.1147824485883095,0.0750924877292615,0.095476572011133,0.0975331263167449,0.1484769469102587
403,403.0,0.0931133055402055,0.1220418931776732,0.0804629165721541,0.0673011076440513,0.1157008229834605,0.1091092976229488,0.0697997062913489,0.0923549725173588,0.1028310864616227,0.1472848911891756
404,404.0,0.0974129429478734,0.1238869001242649,0.0823607943950181,0.0661161492023014,0.1172581777100019,0.1073514799581769,0.0646382059343141,0.0947772733278669,0.1027141072183471,0.1434839691818349
405,405.0,0.0983202723685643,0.1306767593378275,0.0798943289435518,0.0624936274953024,0.1194371662044234,0.1031825558504078,0.0596464735536396,0.0987979744820504,0.1065061381508389,0.1410447036133933
406,406.0,0.0973486235760749,0.137184377241822,0.0796226610921808,0.0589084216840502,0.117264813852935,0.094213342594671,0.0670371882158682,0.1010628530571932,0.1075341001302036,0.1398236185550006
407,407.0,0.0989023985896834,0.1406340859435701,0.0812420695432174,0.0553926522370828,0.1169404857986032,0.0929784053980742,0.0702894853155912,0.0946528989950722,0.1120108411453489,0.1369566770337562
408,408.0,0.1057926411213071,0.1435813072492187,0.085977758333306,0.0519745332124412,0.1108226973636836,0.0993529057416879,0.0708104983296718,0.0882374113492126,0.1120579400854232,0.1313923072140473
409,409.0,0.105223500222423,0.1384437321726137,0.0943226188921401,0.0486784807581395,0.120062662826278,0.1090855526948934,0.0718091462380613,0.0818810983544468,0.1104677727353484,0.1200254351056554
410,410.0,0.104448534017898,0.1415882457302793,0.0942517643079294,0.0532674985520563,0.1185446571420478,0.1113073432894013,0.0705609030185779,0.0756416056756132,0.1073003277568055,0.1230891205093908
411,411.0,0.1015812649273837,0.1392169267943065,0.0971189596205577,0.0582137749852636,0.11591357104643,0.106013301788152,0.0694242230167792,0.081903277336423,0.1067158048283033,0.1238988956564006
412,412.0,0.0955098430927309,0.1336903893676809,0.0958773928077783,0.0647746892258711,0.1076526153776897,0.0978162446746343,0.0786357883288117,0.0816834274885763,0.1113149812805908,0.1330446283556354
413,413.0,0.0968165108633573,0.1376290999786012,0.1049725398038482,0.0662324041658309,0.0994412291220466,0.089760730825722,0.084947955287883,0.0757811765488205,0.1136419950621912,0.1307763583416986
414,414.0,0.0983445749597855,0.1486152125297656,0.1034962942345773,0.067621691035064,0.0913565692007473,0.0819131610534438,0.0937753424667354,0.0700113389375521,0.1133536607410495,0.131512154841279
415,415.0,0.0989682658486615,0.1472852378378945,0.1054016560424762,0.07595888357519,0.0834668095795704,0.0790714610050007,0.0929280507047564,0.070451409970761,0.1195474963257612,0.1269207291099276
416,416.0,0.0957648544344984,0.1510499880250738,0.1100584140335428,0.0827539183667891,0.0758313578247156,0.0814126806306867,0.0909195552898044,0.0678164885105481,0.1160168720751322,0.1283758708092086
417,417.0,0.0894308841164717,0.1569535462151428,0.1080548197074853,0.083319620954169,0.068501137667099,0.0853493942657652,0.0955921002871124,0.0701625740957367,0.1120672616535675,0.13056866103745
418,418.0,0.0831360019890831,0.1585595021196286,0.1079151445623304,0.0830526809508204,0.0615189281485732,0.085858790930202,0.1018182433498118,0.0738851002276495,0.1097807678380584,0.1344748398838423
419,419.0,0.0769392480545424,0.1574734584657405,0.1059551823374805,0.0791776077055559,0.0549197503004142,0.0953142085830485,0.0997007106191902,0.0706724173454853,0.1250751192367739,0.1347722973517683
420,420.0,0.0708927770329104,0.1623138058977699,0.1074600329850164,0.0813755932053549,0.0487312927340669,0.095454795433092,0.1056946489183153,0.0711068968528773,0.1252981264030984,0.1316720305374982
421,421.0,0.0650420253431125,0.1611425827576894,0.104607402382502,0.0802064627511083,0.0576045343761202,0.0963808668752576,0.1017831074997773,0.0697536335074658,0.126588401703697,0.1368909828032695
422,422.0,0.0664651275104925,0.1543688877833851,0.1006836675814718,0.0760187507665361,0.0643150149395416,0.0998645296168442,0.105577893975186,0.0649598826377839,0.1263604588922845,0.1413857862964739
423,423.0,0.0610459891385632,0.151368860347725,0.1005313111633758,0.0717896224727558,0.0656514361207952,0.1012894501396071,0.1058654159607971,0.073185211663807,0.1301969421369682,0.1390757608556052
